username,phone,email,email_verified,first_name,last_name,address,city,created_at,last_login_at
Jim_Business,807-445-2302,jimbiz@amma-zone.com,TRUE,Jim,Business,54106 Cherokee Point,San Francisco,2015-07-07,2024-12-11
XxMrMelonxX,544-524-1488,truthseeker@y.com,TRUE,Melon,Dusk,510 Lighthouse Bay Crossing,New York,2015-07-15,2025-05-05
CANTSPOTUS,790-301-5422,don_tram@mail.ru,FALSE,Donnel,Tram,02 Anthes Drive,Washington DC,2015-07-19,2025-08-29
barry.m,366-779-0315,thebarrymellison@delphi.com,TRUE,Barry,Mellison,3 Clove Center,Santa Fe,2015-07-21,2025-11-04
lizardman,839-801-6160,johndoe@metabook.com,FALSE,Marco,Sugarhill,366 Petterle Junction,Washington DC,2015-07-31,2025-03-23
megeee,675-834-1051,wrobroeee@ibm.com,FALSE,Lucas,Pope,84459 Tennessee Alley,Seattle,2015-08-08,2025-11-21
rrubinovitch5o,,mrubinovitch5o@aol.com,TRUE,Hudson,Carr,2 Arrowood Point,Houston,2015-08-10,2025-03-22
tlottehz,598-944-0263,krodolfihz@marriott.com,TRUE,Gabriel,Henson,7 Scofield Drive,Spokane,2015-08-20,2025-02-01
idiclaudioz,681-507-8007,fdiclaudioz@globo.com,TRUE,Violet,Diaz,91 Killdeer Terrace,Austin,2015-08-24,2025-08-10
csancias4b,862-568-2600,lsancias4b@pagesperso-orange.fr,TRUE,John,Barrett,,Washington DC,2015-08-25,2025-06-24
gpaulla7,299-188-0770,jpaulla7@samsung.com,TRUE,Julian,Whitaker,3 Elka Way,Minneapolis,2015-09-12,2024-11-27
khowlerg9,603-358-1325,jhowlerg9@adobe.com,FALSE,Oliver,Hoffman,51 Colorado Drive,Austin,2015-09-18,2025-10-26
kfilintsevae,636-280-5382,bfilintsevae@nba.com,TRUE,Thomas,McGee,,Philadelphia,2015-09-21,2025-08-28
jeppleav,501-544-7586,reppleav@nymag.com,TRUE,Lincoln,Brooks,,San Francisco,2015-09-22,2025-03-18
clohering2d,727-956-2897,alohering2d@stumbleupon.com,FALSE,Ruby,Brewer,4 Meadow Valley Terrace,Seattle,2015-09-25,2025-06-21
lvandaalen9c,,lvandaalen9c@pagesperso-orange.fr,TRUE,Lincoln,Warner,9 Magdeline Point,San Francisco,2015-09-28,2025-08-09
rnetti9n,506-796-8266,anetti9n@arizona.edu,TRUE,Eli,Goodwin,922 Arrowood Alley,Seattle,2015-09-29,2025-07-31
klinleyl,647-688-0764,tespadaterl@nps.gov,TRUE,Aria,Foster,57365 Petterle Trail,Seattle,2015-10-04,2025-02-15
ckirtley45,170-843-5046,ckirtley45@hatena.ne.jp,TRUE,Samuel,Stone,91494 Morrow Place,Austin,2015-10-05,2025-04-25
dscripps75,432-505-1309,rscripps75@free.fr,TRUE,Evan,Madden,076 Graedel Hill,New York,2015-10-05,2025-07-14
trathjen2q,475-908-3059,srathjen2q@qq.com,TRUE,Brielle,Lynch,726 Killdeer Way,Austin,2015-10-18,2025-11-07
mkingsnod3r,881-118-8205,ekingsnod3r@washington.edu,TRUE,Alexander,Rivera,,New York,2015-10-20,2025-03-11
gdongateid,647-191-4618,bdongateid@is.gd,TRUE,Ethan,Sullivan,1 Kipling Place,Seattle,2015-11-01,2025-06-24
tatterley8e,915-378-5723,mdundridge8e@ezinearticles.com,TRUE,Asher,Carter,30 Lotheville Court,San Francisco,2015-11-22,2025-09-25
jmilburne2f,484-363-6713,bmilburne2f@google.es,TRUE,Quinn,Webb,811 Dexter Place,Seattle,2015-11-28,2025-06-11
aspear8m,986-114-9019,fspear8m@cnet.com,FALSE,Zayden,Barnes,4174 Mockingbird Park,New York,2015-12-09,2025-02-10
jbendixene5,218-661-3346,ftroppmanne5@wix.com,FALSE,Gabriel,Warner,726 Clemons Parkway,San Francisco,2015-12-10,2025-04-26
epercy53,,rpercy53@apache.org,FALSE,Christian,Tate,83642 Novick Drive,Austin,2015-12-13,2025-02-19
wlaybournhq,540-457-2306,vlaybournhq@sbwire.com,TRUE,Grayson,French,3416 Sachtjen Pass,Burlington,2015-12-19,2025-02-18
ztavnerc4,608-358-1563,ttavnerc4@jugem.jp,FALSE,Anthony,Brewer,2954 Merchant Street,Boston,2015-12-20,2025-02-17
emaund1d,660-993-2268,lmaund1d@google.cn,TRUE,Julia,Hamilton,1710 Petterle Street,New York,2015-12-22,2025-01-23
brabjohn9b,627-598-0856,nrabjohn9b@uol.com.br,TRUE,Maxwell,Horton,6 Di Loreto Avenue,San Francisco,2015-12-25,2024-12-27
hhattoniu,797-870-8714,bhattoniu@ow.ly,FALSE,Grayson,Burke,7 Macpherson Circle,San Jose,2016-01-16,2025-03-24
rbrittocp,221-409-2615,djurschcp@flavors.me,TRUE,Zion,Bishop,7254 Brown Drive,Portland,2016-01-29,2025-09-27
eabrahamson9x,,labrahamson9x@scribd.com,TRUE,Liam,Curtis,6750 Nova Avenue,Austin,2016-02-01,2025-02-19
pjessopphr,,doverellhr@studiopress.com,TRUE,Owen,Estes,40 Victoria Parkway,Bend,2016-02-06,2025-05-26
mwasmuth10,403-857-4596,awasmuth10@wordpress.com,TRUE,Aurora,Butler,493 Coleman Avenue,Washington DC,2016-02-08,2025-09-27
gpaddingtoni5,872-399-6120,ypaddingtoni5@forbes.com,TRUE,Nathan,Bryant,756 Superior Park,New York,2016-02-12,2025-10-12
gsomerled5m,477-313-1747,dsomerled5m@storify.com,TRUE,Jonah,Vaughn,26411 Waxwing Avenue,Atlanta,2016-02-21,2025-09-10
ifenning1p,998-592-3107,vfenning1p@reference.com,FALSE,Anna,Hoffman,6419 Spenser Street,Boston,2016-02-26,2025-03-13
rcromleyat,537-272-2474,dcromleyat@google.de,TRUE,Brayden,Carter,844 Burning Wood Way,San Francisco,2016-03-01,2025-06-18
sbwyebq,732-772-7693,ghalsworthbq@china.com.cn,FALSE,Isaiah,Horton,2 Riverside Way,San Francisco,2016-03-09,2024-12-20
scanningjd,868-486-3347,ecanningjd@npr.org,TRUE,Alexander,Webb,79043 Pleasure Hill,Boston,2016-03-11,2025-09-28
rspaceyaq,,lspaceyaq@symantec.com,TRUE,Isaiah,McKnight,,Richmond,2016-03-12,2025-10-04
mmacinherneyay,260-681-4636,pmacinherneyay@facebook.com,TRUE,Leo,Bryant,2 Luster Parkway,New York,2016-03-12,2024-12-08
kamburgyb7,155-263-4464,yamburgyb7@joomla.org,TRUE,Matthew,Wallace,5102 Mosinee Circle,Seattle,2016-03-12,2025-01-03
gvelden43,970-835-6764,avelden43@ow.ly,TRUE,Jack,Coleman,9 Lawn Pass,Boston,2016-03-14,2025-04-03
igoding5l,596-714-6406,mgoding5l@altervista.org,TRUE,Silas,McGee,,Philadelphia,2016-03-15,2025-11-23
sabramsfp,941-422-2627,babramsfp@phpbb.com,TRUE,Landon,Powell,12267 Westend Place,San Francisco,2016-03-15,2025-02-15
jwinterbottom5,119-446-0507,chutchason5@princeton.edu,TRUE,Emma,Gomez,55 Pepper Wood Court,San Jose,2016-03-18,2025-07-15
pluigij7,466-601-6861,hluigij7@google.ru,TRUE,Caleb,Pope,427 Eggendart Circle,Seattle,2016-03-29,2025-01-06
gbromage5f,549-970-8856,abromage5f@addtoany.com,TRUE,Ryder,Duke,12 Sauthoff Court,Raleigh,2016-04-14,2025-08-21
abrenstuhlgj,602-402-0863,dbrenstuhlgj@goo.ne.jp,TRUE,Daniel,Horton,46 Ronald Regan Avenue,San Francisco,2016-04-17,2025-10-20
shansendp,566-574-4990,hmerrelldp@yandex.ru,FALSE,Benjamin,Coleman,78176 Barnett Parkway,Boston,2016-04-29,2025-07-05
bflea70,220-222-4639,tflea70@yale.edu,TRUE,Lincoln,Townsend,7 Shoshone Lane,San Francisco,2016-05-02,2025-09-01
amidgelydf,731-276-4481,gmidgelydf@barnesandnoble.com,TRUE,Sebastian,Barnes,8 Fairfield Street,New York,2016-05-04,2025-06-21
adooleas,391-843-6094,sdooleas@cargocollective.com,FALSE,Jacob,Briggs,1954 Manufacturers Pass,New York,2016-05-11,2024-12-07
rshovelton9e,171-630-3206,mshovelton9e@prnewswire.com,TRUE,Asher,Townsend,3914 Paget Point,San Francisco,2016-05-23,2025-02-22
kgregorioi9,784-814-1036,egregorioi9@aol.com,TRUE,Lucas,Fisher,3250 Bashford Park,New York,2016-05-24,2025-03-08
ksycamore28,933-399-4571,nsycamore28@devhub.com,FALSE,Piper,McCarthy,160 Hoepker Avenue,New York,2016-05-28,2025-05-20
hmackieew,,mmackieew@stanford.edu,FALSE,Joseph,Holloway,40047 Garrison Lane,Washington DC,2016-05-31,2025-05-29
gbaltzar7z,148-275-8001,lbaltzar7z@sohu.com,TRUE,Emiliano,Donaldson,786 Hanover Center,San Diego,2016-06-02,2025-03-05
lmckevittaa,988-128-7872,pmckevittaa@youtube.com,FALSE,Joshua,Bishop,35 Marquette Road,Portland,2016-06-06,2024-12-28
mnialsey,324-574-0690,lnialsey@histats.com,TRUE,Ethan,Phelps,52938 Anniversary Road,San Jose,2016-06-08,2025-01-15
umothersdale6n,165-767-7637,tmothersdale6n@trellian.com,TRUE,Declan,Hoffman,473 Stoughton Center,Austin,2016-06-17,2025-06-22
mkowalskiih,262-538-9954,xkowalskiih@theguardian.com,TRUE,Isaiah,Perry,9 2nd Trail,Boston,2016-06-27,2025-01-10
wsygroves9p,,esygroves9p@newsvine.com,TRUE,Oliver,Brewer,64 Prentice Junction,Boston,2016-07-10,2024-12-09
cmcalpineil,262-692-8730,smcalpineil@wikimedia.org,FALSE,Ethan,Mills,578 Pepper Wood Junction,Austin,2016-07-12,2024-12-03
plindelofa5,265-146-7573,alindelofa5@yelp.com,TRUE,Michael,Phelps,8409 Thackeray Crossing,San Jose,2016-07-13,2025-01-08
fgounot2,322-211-5556,agounot2@woothemes.com,TRUE,Liam,Rodriguez,7347 Butterfield Avenue,New York,2016-07-15,2025-05-03
mtashds,630-722-6961,umatusiakds@wsj.com,TRUE,Matthew,Mills,,Austin,2016-07-21,2025-02-06
afeatleyh7,641-398-7023,afeatleyh7@woothemes.com,TRUE,David,Berry,2 Golden Leaf Lane,Washington DC,2016-07-31,2025-08-21
mbroadleycu,,abroadleycu@wikipedia.org,TRUE,Ian,Vaughn,8 Bay Avenue,Atlanta,2016-08-04,2025-10-19
raleksich3b,386-563-0719,naleksich3b@artisteer.com,TRUE,Ainsley,McClure,77238 Lien Street,Burlington,2016-08-05,2025-01-22
kkundt9i,313-325-9435,bkundt9i@princeton.edu,TRUE,Nathan,Johnston,708 Menomonie Crossing,New York,2016-08-19,2025-06-18
rcabrerae3,300-865-2810,pcabrerae3@parallels.com,TRUE,Isaac,Shelton,,San Francisco,2016-08-26,2025-10-07
mabbisir,873-412-0338,aabbisir@tinypic.com,TRUE,Leo,Little,6 Grim Lane,Washington DC,2016-08-27,2025-05-14
dtween74,671-352-0696,dsuddaby74@gnu.org,TRUE,Beckett,Johnston,1 Thackeray Hill,New York,2016-08-31,2025-07-22
dcobden31,964-239-9729,fcobden31@wikimedia.org,TRUE,Kyleigh,Donaldson,6 Nelson Plaza,Raleigh,2016-09-15,2025-08-15
epearlede,447-510-0377,gpearlede@upenn.edu,FALSE,Dominic,Hayes,696 Lien Junction,New York,2016-09-17,2025-11-19
fcrathernh8,564-600-5004,scrathernh8@nps.gov,FALSE,Joseph,Thornton,2 Prairie Rose Plaza,Washington DC,2016-09-17,2025-10-01
kfazackerleye9,159-231-6554,kfazackerleye9@google.co.uk,TRUE,Jackson,Erickson,11 Kim Court,New York,2016-10-01,2024-12-13
rkesonc2,615-541-4649,mluchellic2@gmpg.org,FALSE,Angel,Goodwin,2690 Eagle Crest Park,Seattle,2016-10-09,2025-11-18
mgoymer2m,757-524-2037,vgoymer2m@furl.net,TRUE,Eva,Armstrong,16 1st Court,Boston,2016-10-11,2025-08-01
jcurmi3s,147-351-8788,efoulds3s@hud.gov,TRUE,Sebastian,Hayes,04272 Schurz Court,New York,2016-10-12,2025-11-16
lflintiffba,957-704-3673,dflintiffba@kickstarter.com,TRUE,David,Perry,92443 La Follette Hill,Boston,2016-10-15,2025-05-14
rbardwallaw,987-739-4181,cbardwallaw@ow.ly,TRUE,Maverick,Powell,58378 Daystar Way,San Francisco,2016-10-27,2025-02-27
karrighettic7,555-473-1947,farrighettic7@google.co.uk,TRUE,Christian,Allen,5 Onsgard Pass,Boston,2016-10-29,2025-05-22
ahrynczyk1t,829-136-0061,chrynczyk1t@statcounter.com,TRUE,Caroline,Little,3 Montana Park,Austin,2016-11-27,2025-06-22
atingcombab,487-507-0077,stingcombab@si.edu,TRUE,Andrew,Harrington,13501 Sycamore Road,Nashville,2016-12-03,2025-04-08
egarforth9f,119-710-0916,bgarforth9f@fc2.com,TRUE,Caleb,Griffin,1 Oxford Terrace,New York,2016-12-04,2025-07-16
aedsall1o,239-453-6673,ledsall1o@about.com,TRUE,Hailey,Lane,88849 Spaight Pass,Boston,2016-12-05,2025-02-04
tshillakerfh,429-570-2133,jhanafordfh@chron.com,TRUE,Jackson,Barlow,1 Sutteridge Street,Boise,2016-12-11,2024-11-30
lratnage7x,830-351-9407,aratnage7x@cam.ac.uk,FALSE,Malik,Harrington,0871 Sunfield Place,Nashville,2016-12-12,2025-03-22
gogara8b,359-377-2686,celbourne8b@eventbrite.com,TRUE,Tyson,Kraus,7526 Maple Avenue,Santa Fe,2016-12-27,2025-09-03
gwilsonec1,977-515-9724,gwilsonec1@dyndns.org,FALSE,Eli,Shepherd,656 Bashford Crossing,Seattle,2016-12-27,2025-04-25
swilkinson6z,722-694-4514,pwilkinson6z@webs.com,TRUE,Carter,Burns,829 Hanson Pass,San Francisco,2017-01-06,2025-04-19
slechmere6,888-438-2801,slechmere6@ca.gov,TRUE,Isabella,Hughes,6 Oak Lane,Washington DC,2017-01-10,2025-02-22
jstandishbrooksgm,201-725-2464,sstandishbrooksgm@scientificamerican.com,TRUE,Benjamin,Townsend,,San Francisco,2017-01-30,2025-02-14
dbeiderbeckdn,485-101-7269,rkynsondn@miibeian.gov.cn,FALSE,James,Peters,17653 Mallard Street,Boston,2017-02-10,2025-01-07
cperez5s,152-888-2960,nperez5s@cmu.edu,TRUE,Finn,Salazar,25598 Mifflin Way,Ann Arbor,2017-02-12,2025-10-24
karmytage6c,711-531-4120,marmytage6c@java.com,TRUE,Xander,Graham,5 Welch Crossing,Seattle,2017-02-25,2025-03-25
tscampfa,649-897-1424,ascampfa@sina.com.cn,TRUE,Christopher,Carr,927 Summer Ridge Place,Houston,2017-03-04,2025-01-30
cgarnsworthydw,785-534-7949,kgarnsworthydw@alexa.com,TRUE,Christopher,Stevens,03484 Stone Corner Hill,Washington DC,2017-03-07,2025-08-07
jflinders57,903-404-4923,nflinders57@slideshare.net,TRUE,Nicholas,Thornton,4 Vermont Terrace,Washington DC,2017-03-10,2025-10-01
lheathornec,107-514-7471,vheathornec@indiatimes.com,TRUE,Daniel,Madden,1 Express Hill,New York,2017-03-11,2024-12-08
ebence6e,161-429-5453,nbence6e@tamu.edu,TRUE,Nathaniel,Wallace,89704 Pine View Center,Seattle,2017-03-16,2025-08-24
fflookj1,500-162-2243,jflookj1@t-online.de,TRUE,Nathan,Griffin,5 Valley Edge Terrace,New York,2017-03-17,2025-09-23
bgive8n,,rgive8n@godaddy.com,TRUE,Liam,Fisher,9 Mandrake Street,New York,2017-03-29,2025-11-22
cdennei1,912-668-1049,pdennei1@hhs.gov,TRUE,Xavier,Ward,3 Heffernan Center,San Francisco,2017-03-30,2025-04-06
swiltshierah,218-766-3904,rwiltshierah@alexa.com,TRUE,Nicholas,Carr,94903 Schiller Parkway,Houston,2017-04-06,2025-06-03
adrewco,842-981-1386,kdrewco@samsung.com,TRUE,Tyler,Monroe,71 Arrowood Court,Charlotte,2017-04-19,2025-08-02
amclanachanhc,660-526-3045,vmclanachanhc@cam.ac.uk,FALSE,Caleb,Baxter,31151 Luster Hill,San Jose,2017-04-25,2025-04-01
arickardes2a,838-607-7271,mrickardes2a@wix.com,FALSE,Lydia,Shepherd,47132 6th Crossing,New York,2017-05-01,2025-05-06
jquennell2g,716-401-8138,mquennell2g@army.mil,FALSE,Delilah,Allen,839 Fuller Avenue,Seattle,2017-05-02,2025-03-19
sharbottlebh,590-293-9922,nsearlebh@jimdo.com,TRUE,Owen,Riley,1392 Cody Lane,Austin,2017-05-04,2025-07-07
sgamlenw,565-356-1672,rwilcew@studiopress.com,TRUE,Lily,Ross,09184 Morning Parkway,Austin,2017-05-20,2025-07-21
ajaffrey1c,772-636-2844,mjaffrey1c@google.de,TRUE,Claire,Ford,98 Tomscot Park,New York,2017-05-22,2025-08-30
lpasfieldii,882-586-9897,fpasfieldii@123-reg.co.uk,FALSE,Gabriel,Coleman,2225 Donald Center,Boston,2017-05-24,2025-09-21
rleeson26,349-142-1794,mleeson26@cbc.ca,TRUE,Liliana,Johnston,27334 Parkside Terrace,San Francisco,2017-05-25,2025-06-04
jcantos4e,458-666-3435,hcantos4e@slate.com,TRUE,Isaac,Baldwin,82 Lien Junction,Washington DC,2017-05-29,2025-08-04
sratledge2u,881-240-7847,bratledge2u@biglobe.ne.jp,TRUE,Genevieve,Moyer,005 Heffernan Park,Washington DC,2017-06-06,2025-01-29
rohlsench,398-349-4224,bohlsench@pbs.org,TRUE,Roman,Lynch,683 Ridgeview Lane,Washington DC,2017-06-10,2025-08-07
jdohmer7t,539-209-7701,fdohmer7t@nationalgeographic.com,TRUE,Andres,Whitaker,61490 Green Court,Minneapolis,2017-06-14,2025-01-22
ssummerlygn,828-425-9433,jsummerlygn@tinypic.com,FALSE,Sebastian,Griffin,23 Morrow Pass,New York,2017-07-10,2025-11-21
mciccettifq,311-934-0736,isaveallfq@pagesperso-orange.fr,TRUE,Asher,Foster,40 Carberry Crossing,San Francisco,2017-07-11,2025-04-06
kyaknovbt,684-563-6456,eyaknovbt@tinypic.com,FALSE,Jackson,Townsend,000 John Wall Way,San Francisco,2017-07-25,2025-09-14
psimbn,988-182-3565,ksimbn@washingtonpost.com,TRUE,Logan,Burke,51 Mockingbird Circle,San Jose,2017-07-28,2025-04-02
hadanh4,656-642-9268,madanh4@mysql.com,FALSE,Benjamin,Tate,18 Orin Alley,Austin,2017-08-08,2024-12-02
pginie3f,635-389-1103,kginie3f@studiopress.com,TRUE,Avianna,Yates,,Charleston,2017-08-09,2025-06-25
creaderhk,,zsmalleshk@slideshare.net,TRUE,Sebastian,Caldwell,63 Westridge Center,Salt Lake City,2017-08-11,2025-04-10
bconechiea4,728-569-0530,cconechiea4@eventbrite.com,TRUE,Jacob,Baxter,322 Laurel Street,San Jose,2017-08-16,2025-07-13
rouldred6y,941-141-2231,zouldred6y@privacy.gov.au,TRUE,Harrison,Warner,1199 Glacier Hill Drive,San Francisco,2017-08-22,2025-01-08
aadriaanb6,934-709-4759,wadriaanb6@goodreads.com,TRUE,Daniel,Sullivan,0621 Butterfield Terrace,Seattle,2017-08-26,2025-09-01
mwixey1,167-776-1423,ekleeborn1@mapy.cz,TRUE,Ava,Thompson,951 Rusk Park,San Francisco,2017-09-06,2025-02-08
sbrumblejc,,kbrumblejc@imdb.com,FALSE,James,Norman,6 Brentwood Junction,Boston,2017-09-11,2025-10-17
dlandreth1g,357-985-0879,clandreth1g@nasa.gov,TRUE,Alice,Wallace,48027 Anzinger Court,New York,2017-09-27,2025-10-13
nambrogini3h,603-300-1017,sambrogini3h@tinyurl.com,TRUE,Ailani,Barlow,8 Tennyson Center,Boise,2017-09-27,2025-02-23
farlotthy,663-491-4684,tarlotthy@unesco.org,TRUE,Aiden,McKnight,40838 Harbort Avenue,Richmond,2017-09-30,2024-12-21
rmacardle83,717-467-9925,pmacardle83@weebly.com,FALSE,Israel,Carr,595 Golf Drive,Houston,2017-10-02,2025-02-28
qcromeh2,661-603-1338,lbloxsomeh2@soundcloud.com,TRUE,Ethan,Lyons,6 Southridge Crossing,Austin,2017-10-03,2025-08-07
skaszper3c,406-557-4059,rkaszper3c@epa.gov,TRUE,Eliana,Estes,732 Kings Court,Bend,2017-10-13,2025-02-13
kenglandg2,732-684-3841,benglandg2@icq.com,FALSE,Mateo,Peters,5791 Drewry Court,Boston,2017-10-20,2025-04-22
tpoe3x,738-793-7258,gpoe3x@theglobeandmail.com,TRUE,Jackson,Graham,7799 Prairie Rose Road,Seattle,2017-10-24,2025-05-07
xyeardsley7h,965-518-4853,eyeardsley7h@si.edu,FALSE,River,Barker,0 Village Green Alley,Austin,2017-10-28,2025-04-10
cshelbornedz,,mshelbornedz@tamu.edu,TRUE,Logan,Jacobs,19 Kim Trail,Washington DC,2017-11-14,2025-08-07
sdackombe20,345-846-3353,pdackombe20@google.com.au,TRUE,Elena,Warner,,Washington DC,2017-11-15,2025-05-10
oleftbridge5n,533-889-3830,cleftbridge5n@msn.com,TRUE,Luis,Stuart,02 Paget Junction,Dallas,2017-12-02,2025-08-18
nwardlefb,837-193-4297,twardlefb@zimbio.com,TRUE,Joshua,French,04 Fulton Trail,Burlington,2017-12-02,2025-06-11
ahatchard4y,783-175-7682,bhatchard4y@businessweek.com,FALSE,Carson,Webb,3746 Melvin Parkway,Boston,2017-12-08,2025-09-30
jcurnokek,597-507-2093,gdurnoek@jugem.jp,FALSE,Ryan,Webb,44378 Farwell Circle,Boston,2017-12-11,2025-07-18
pellicef2,,sellicef2@netscape.com,FALSE,Nathan,Monroe,3693 Waywood Hill,Charlotte,2017-12-13,2025-04-26
dklimontovichfx,314-774-1056,bklimontovichfx@freewebs.com,TRUE,Julian,Hamilton,3051 Waubesa Crossing,Seattle,2017-12-16,2024-11-27
rmcmennuma0,297-771-6924,lmcmennuma0@cdbaby.com,TRUE,Alexander,Thornton,56910 Nobel Court,Washington DC,2017-12-24,2025-09-11
ameneghellie7,717-657-5366,smeneghellie7@harvard.edu,TRUE,Sebastian,Townsend,8 Artisan Alley,San Francisco,2017-12-24,2025-11-14
cgrubyeq,,ggrubyeq@soundcloud.com,FALSE,Jonathan,Curtis,77 Goodland Street,Austin,2017-12-25,2025-07-10
ycudbertson5w,509-724-7940,lmilham5w@ihg.com,TRUE,Theo,Kraus,686 Redwing Crossing,Santa Fe,2017-12-26,2024-12-29
dtremontana6h,263-235-9064,rtremontana6h@pinterest.com,TRUE,Ian,Perry,67 Myrtle Lane,Boston,2018-01-23,2025-02-22
bmcsharrya6,804-580-5833,pmcsharrya6@ovh.net,TRUE,Gabriel,Moyer,8 Blaine Place,Denver,2018-01-29,2025-09-17
wkennerknechtax,287-650-3728,rcurcherax@merriam-webster.com,TRUE,Eli,Foster,891 Hermina Way,San Francisco,2018-02-03,2025-06-01
bendrizzi2k,335-880-5948,aendrizzi2k@yahoo.co.jp,TRUE,Ariana,Tate,54 Dakota Road,Boston,2018-02-07,2025-09-02
vmccomiskief3,761-848-1327,bmccomiskief3@rediff.com,FALSE,Cameron,Bishop,368 Prentice Street,Portland,2018-02-11,2025-09-10
bnisslecz,717-201-0790,jhelstripcz@salon.com,TRUE,Gideon,Krause,76763 Onsgard Hill,Madison,2018-02-16,2025-07-19
gfeethamcn,526-504-4753,sswansburycn@uiuc.edu,TRUE,Easton,Duke,8 Dayton Crossing,Raleigh,2018-03-05,2025-09-13
rgartsydeit,659-695-0346,fgartsydeit@nifty.com,FALSE,James,Baldwin,,Washington DC,2018-03-06,2025-01-04
btamlett5p,423-923-6408,whaggie5p@princeton.edu,TRUE,Cash,French,7 Crescent Oaks Pass,Burlington,2018-03-10,2025-02-23
kariss1x,472-750-4304,dariss1x@mapy.cz,TRUE,Lucy,Brady,01 Valley Edge Road,Washington DC,2018-03-11,2025-09-12
lsloperdd,583-895-3532,hsloperdd@army.mil,FALSE,Eli,Rivera,0867 Orin Place,New York,2018-03-21,2025-08-17
tstrike4u,863-445-8567,kstrike4u@liveinternet.ru,FALSE,Dominic,Goodwin,644 Kenwood Street,Seattle,2018-03-24,2025-07-05
eyeude7n,412-342-6267,jyeude7n@example.com,TRUE,Jasper,Cross,43 Bellgrove Street,Washington DC,2018-03-27,2025-05-03
bwevellfw,133-910-5305,yspightfw@plala.or.jp,TRUE,Carter,Ford,2 Old Shore Drive,Seattle,2018-03-27,2025-09-06
hbarkawaycf,301-406-8872,ncristofericf@furl.net,TRUE,Dominic,Thornton,2 Loftsgordon Park,Washington DC,2018-03-29,2025-03-03
hcornewall8y,911-119-7833,ncornewall8y@technorati.com,TRUE,Josiah,Stone,7 Toban Lane,Austin,2018-03-31,2025-08-11
gribbensbg,,cribbensbg@behance.net,TRUE,Isaac,Hoffman,92 6th Circle,Austin,2018-04-01,2025-05-01
lsouthward3o,408-242-9206,lsouthward3o@chron.com,TRUE,Benjamin,Powell,92 High Crossing Center,San Francisco,2018-04-03,2025-08-30
gcrockfordfn,425-753-8195,gcrockfordfn@digg.com,TRUE,Everett,Ward,89 Atwood Court,San Francisco,2018-04-04,2025-11-06
ghaibel3z,829-491-5796,jhaibel3z@unblog.fr,TRUE,Ethan,Wallace,21450 Brickson Park Street,Seattle,2018-04-06,2025-11-02
bvittetal,275-571-4348,avittetal@behance.net,TRUE,Logan,Salazar,8031 Orin Alley,Ann Arbor,2018-04-08,2025-09-11
rasty4w,964-404-5352,kasty4w@boston.com,TRUE,Cooper,Brewer,7369 Rigney Park,Boston,2018-04-13,2025-09-10
astledgerc,901-913-5033,sstledgerc@feedburner.com,TRUE,Amelia,Rivera,7 Farmco Crossing,San Francisco,2018-04-18,2025-05-17
ngrutchfield7o,870-769-9836,sgrutchfield7o@shareasale.com,FALSE,Leon,Lynch,7 Monument Street,Washington DC,2018-05-05,2025-11-12
jgudemane1,684-747-0351,mgudemane1@nationalgeographic.com,FALSE,Caleb,Burke,,San Jose,2018-05-05,2025-08-03
hsedwickhm,561-926-7936,jsedwickhm@yale.edu,TRUE,Dominic,McGee,96417 School Avenue,Philadelphia,2018-05-05,2025-07-26
ccadwaladr60,394-146-6450,acadwaladr60@theguardian.com,TRUE,Sawyer,Carter,128 Maple Wood Terrace,San Francisco,2018-06-07,2025-05-16
ahardwidge9s,775-120-9177,khardwidge9s@reverbnation.com,TRUE,Lucas,Allen,4749 Swallow Park,Boston,2018-06-09,2025-09-30
jgummoehg,190-858-2241,lclacsonhg@jimdo.com,TRUE,Maverick,Duke,802 Fulton Park,Raleigh,2018-06-21,2025-09-06
dkroutf,937-385-7647,sbendanf@cbsnews.com,TRUE,Abigail,Kelly,78 Logan Junction,San Francisco,2018-06-24,2025-06-15
edaughertygy,307-479-8191,gskoategy@homestead.com,FALSE,Isaac,Norman,9 Hoard Lane,Boston,2018-06-26,2025-07-09
jspibycg,116-921-1041,dspibycg@scientificamerican.com,FALSE,Ezra,Cross,3404 Nobel Court,Washington DC,2018-06-27,2025-09-30
dgownge1n,645-757-6695,sgownge1n@phoca.cz,TRUE,Sarah,Mills,38726 Prairie Rose Drive,Boston,2018-07-07,2025-02-01
drideoutgt,224-193-9013,crideoutgt@etsy.com,FALSE,Hunter,Pope,5048 Main Alley,Seattle,2018-07-11,2025-04-28
bstear6a,148-101-1340,fstear6a@mail.ru,TRUE,Grayson,Ford,4 Loftsgordon Court,Seattle,2018-07-22,2025-02-17
cpeachman8q,261-670-7463,rpeachman8q@dot.gov,FALSE,Ethan,Graham,38 International Court,Seattle,2018-07-22,2025-03-16
jjoffe4m,,gjoffe4m@nytimes.com,TRUE,Nathan,Griffin,56 Scoville Plaza,New York,2018-07-24,2025-10-01
gantoshinh5,441-919-3983,rantoshinh5@lulu.com,FALSE,Daniel,Curtis,36 Summer Ridge Drive,Austin,2018-07-27,2025-02-17
mhazlegrovegk,389-846-5854,thazlegrovegk@intel.com,TRUE,Matthew,Warner,2 Arrowood Crossing,San Francisco,2018-07-28,2025-05-02
lgordenhs,337-392-4321,dgordenhs@about.com,TRUE,Ethan,Krause,0 New Castle Circle,Madison,2018-07-28,2025-06-29
tkildea1s,146-635-2283,mkildea1s@123-reg.co.uk,FALSE,Naomi,Barrett,0 Nelson Street,Austin,2018-08-08,2025-04-08
acoffeyif,701-366-9919,ncoffeyif@youku.com,TRUE,Sebastian,Porter,66119 Hallows Terrace,Boston,2018-08-08,2025-02-14
ngumbhd,,mgumbhd@unesco.org,TRUE,Nathan,Phelps,97429 Banding Center,San Jose,2018-08-14,2025-07-17
kdoolan9,,jgoodrich9@fema.gov,TRUE,Lucas,Bennett,363 Jenifer Plaza,Minneapolis,2018-08-31,2025-07-15
cwix3d,427-573-1750,gbourton3d@elegantthemes.com,TRUE,Ember,Krause,02251 Dovetail Crossing,Madison,2018-09-10,2025-07-11
rashdown8t,,lashdown8t@friendfeed.com,TRUE,Gabriel,Porter,1 Karstens Drive,Boston,2018-09-13,2025-02-19
phumpherstoncm,200-195-4606,phumpherstoncm@geocities.com,TRUE,Evan,Whitaker,29797 Golf Course Place,Minneapolis,2018-09-13,2025-03-07
gpeckitt8f,963-223-8896,epeckitt8f@java.com,FALSE,Blake,Ward,029 Northport Junction,San Francisco,2018-09-16,2025-04-25
goldridgeev,431-344-6338,eoldridgeev@4shared.com,TRUE,Matthew,Lynch,93 Sunbrook Crossing,Washington DC,2018-09-19,2025-04-01
amasser24,,amasser24@spotify.com,TRUE,Mariah,Erickson,15733 Sloan Terrace,San Francisco,2018-09-25,2025-03-27
bhaddlestond9,,gfruind9@howstuffworks.com,FALSE,Roman,Brooks,24 Emmet Center,San Francisco,2018-10-06,2025-11-01
dmaccoughen5a,538-604-2201,emaccoughen5a@epa.gov,TRUE,Austin,Holloway,66456 Beilfuss Junction,Washington DC,2018-10-19,2025-10-10
ndyterhn,999-502-2851,odyterhn@forbes.com,TRUE,Eli,Vaughn,996 Fordem Crossing,Atlanta,2018-10-22,2025-11-02
kmccarl8o,539-448-7378,amccarl8o@noaa.gov,FALSE,Owen,Ford,8 Division Park,Seattle,2018-11-01,2025-07-12
ablampy6f,665-755-9561,lblampy6f@symantec.com,TRUE,Jonathan,Porter,83729 Manufacturers Court,Boston,2018-11-07,2025-09-22
tevins85,757-721-6296,vevins85@zdnet.com,FALSE,Ezequiel,Estes,5808 Granby Road,Bend,2018-11-13,2025-11-14
mhebden4x,202-514-0798,uhebden4x@census.gov,TRUE,Miles,Norman,,Boston,2018-11-17,2025-08-15
lhobbert7f,680-757-1141,bhobbert7f@xinhuanet.com,TRUE,Jace,Chambers,269 Rigney Way,Boston,2018-11-18,2024-11-28
wfriedmanfi,479-364-4889,bbottbyfi@pagesperso-orange.fr,TRUE,Liam,Kraus,9 Oriole Avenue,Santa Fe,2018-11-19,2024-12-03
bmctague3i,670-197-8155,emathelin3i@unicef.org,TRUE,Lillie,Kraus,537 Esker Parkway,Santa Fe,2018-11-20,2025-03-25
bsamteriv,121-812-7751,tsamteriv@walmart.com,TRUE,Daniel,Brady,1574 Warrior Junction,San Jose,2018-11-25,2025-03-09
tmayzes27,847-676-0045,mmayzes27@wisc.edu,FALSE,Eliza,Madden,107 Colorado Way,San Francisco,2018-11-27,2025-04-19
wodohertyfe,785-711-6254,wgottsfe@squarespace.com,TRUE,Logan,Salazar,,Ann Arbor,2018-11-27,2024-12-28
aelmhirst5r,,iedwicke5r@smh.com.au,TRUE,Archer,Krause,,Madison,2018-11-28,2025-08-09
bcockarillfm,885-991-1870,ncockarillfm@europa.eu,TRUE,Harrison,Carter,3576 Moulton Alley,San Francisco,2018-12-04,2025-01-01
kdefewd2,349-734-6513,rdefewd2@uol.com.br,TRUE,Vincent,Sanford,43629 Becker Park,Des Moines,2018-12-13,2025-09-19
dmacskeaganeo,639-147-0359,tmacskeaganeo@over-blog.com,TRUE,Gabriel,Barker,339 Talmadge Hill,Austin,2018-12-19,2025-07-30
moliveti8i,834-184-5530,doliveti8i@disqus.com,FALSE,Roman,Foster,91 Hooker Terrace,San Francisco,2018-12-22,2025-03-07
fhedditchjf,999-738-1438,bhedditchjf@hhs.gov,TRUE,Benjamin,Chambers,34278 Vera Terrace,Boston,2019-01-01,2025-07-16
jsalvatore7j,302-722-4831,csalvatore7j@typepad.com,FALSE,Miguel,Curtis,53008 Melvin Terrace,Austin,2019-01-02,2025-10-10
chellikesio,646-197-4218,hhellikesio@reverbnation.com,FALSE,Oliver,Riley,2698 High Crossing Crossing,Austin,2019-01-05,2025-07-03
lpalliser1f,905-623-3913,bpalliser1f@livejournal.com,FALSE,Ruby,Sullivan,0 Talisman Avenue,New York,2019-01-10,2025-07-17
eoharney1u,446-529-7769,boharney1u@example.com,FALSE,Kennedy,Jacobs,16 Lyons Pass,Austin,2019-01-11,2025-09-26
cbrimming8z,,msilverthorne8z@pinterest.com,TRUE,Nathan,Mills,482 Superior Street,Austin,2019-01-20,2025-05-27
dfrancombeip,,cfrancombeip@dailymotion.com,FALSE,Jacob,Stevens,446 Dixon Junction,Washington DC,2019-01-20,2025-02-13
hheddy8a,504-434-0085,mheddy8a@blogger.com,FALSE,Tristan,Barlow,320 Prairie Rose Way,Boise,2019-01-24,2025-08-24
mhedgecocka1,,bhedgecocka1@symantec.com,TRUE,Benjamin,Cross,6260 Thompson Place,Washington DC,2019-01-26,2024-12-21
fdines9g,224-727-9571,jdines9g@multiply.com,TRUE,Sebastian,Erickson,70367 Holy Cross Place,New York,2019-02-01,2025-04-21
fgotmannd1,,mgotmannd1@ifeng.com,TRUE,Diego,Yates,19 Merchant Crossing,Charleston,2019-02-19,2025-07-05
wlopez6d,762-943-7624,llopez6d@berkeley.edu,TRUE,Nolan,Sullivan,8947 Nelson Court,Seattle,2019-02-21,2025-08-31
mprawle52,609-354-8796,eprawle52@ehow.com,FALSE,Easton,Barker,1 Lakewood Gardens Parkway,Austin,2019-02-24,2025-11-04
pbroadway5x,700-986-5469,mbroadway5x@i2i.jp,TRUE,Jayce,McKnight,5 Banding Plaza,Richmond,2019-03-06,2025-08-10
ckieran1h,763-810-3513,pkieran1h@mac.com,TRUE,Gabriella,Porter,9122 Green Ridge Alley,Seattle,2019-03-09,2025-08-08
adifriscoht,915-350-2831,hforgieht@stanford.edu,TRUE,Caleb,Salazar,1225 Larry Alley,Ann Arbor,2019-03-10,2025-05-06
enisetd0,521-254-4115,cnisetd0@chicagotribune.com,TRUE,Micah,Salazar,,Ann Arbor,2019-04-02,2025-10-16
tzoren9h,657-863-4143,szoren9h@google.co.uk,TRUE,Adam,Briggs,9 Redwing Court,New York,2019-04-08,2024-12-23
jfleyhw,343-257-7621,jfleyhw@cargocollective.com,TRUE,Logan,Barlow,42510 Mccormick Parkway,Boise,2019-04-11,2025-09-19
vpeelg8,867-171-3263,mpeelg8@canalblog.com,FALSE,Nathan,Lane,,Austin,2019-04-18,2025-11-03
lmccorkindaleix,151-780-7796,lmccorkindaleix@hostgator.com,FALSE,Joseph,Horton,60 Sugar Road,San Francisco,2019-04-19,2025-04-22
dnealydl,955-177-8674,ynealydl@yale.edu,FALSE,Miles,Wallace,834 Esch Way,Seattle,2019-04-25,2025-01-11
vhakonssona9,615-308-8275,jhakonssona9@booking.com,FALSE,Christopher,Monroe,73 Raven Court,Charlotte,2019-04-30,2025-11-20
mmcgranegv,583-135-1919,cmcgranegv@ifeng.com,TRUE,Leo,Goodwin,6194 Sage Way,Seattle,2019-04-30,2025-01-23
mhugle2v,592-662-7177,nhugle2v@soundcloud.com,TRUE,June,Whitaker,2 Corry Junction,Washington DC,2019-05-02,2025-01-12
bkeuntjegg,140-154-4632,hscholcroftgg@cmu.edu,TRUE,Logan,Burke,8165 Basil Drive,San Jose,2019-05-05,2025-09-14
agelemann,,cgelemann@hubpages.com,TRUE,Victoria,Flores,29 Bluejay Court,Seattle,2019-05-14,2025-04-26
gwyllcocks7b,159-290-9008,kwyllcocks7b@php.net,FALSE,Brody,Brewer,2835 Clyde Gallagher Parkway,Boston,2019-05-16,2025-06-26
gtoleman5j,624-507-3824,rtoleman5j@51.la,TRUE,Maxwell,Caldwell,472 Sutherland Hill,Salt Lake City,2019-05-23,2025-08-17
nworboys6i,468-379-0326,gworboys6i@disqus.com,TRUE,Brayden,Coleman,889 Goodland Way,Boston,2019-05-24,2025-05-13
cswanger35,764-338-6226,aswanger35@deliciousdays.com,TRUE,Amira,Carr,908 Garrison Way,Salt Lake City,2019-06-12,2024-12-11
bchristol9o,357-490-8591,schristol9o@arstechnica.com,TRUE,Aaron,Parks,90 Summer Ridge Plaza,Seattle,2019-06-13,2024-12-18
cgremane21,171-276-3721,sitzkovsky21@usda.gov,TRUE,Aubrey,Burns,7 Merry Place,San Jose,2019-06-16,2025-01-18
igilhoolieet,170-699-3724,hgilhoolieet@bbc.co.uk,FALSE,Henry,Thornton,1228 Derek Way,Washington DC,2019-06-20,2025-07-29
bpowdrell9k,112-996-3787,kfrandsen9k@unicef.org,TRUE,Hunter,McCarthy,63 Forest Run Junction,Seattle,2019-06-24,2025-10-18
vdegoix39,500-882-8454,cdegoix39@google.com.au,TRUE,Winter,Vargas,77129 Colorado Junction,Dallas,2019-06-27,2024-12-30
mpogosianhv,139-941-6624,kpogosianhv@cnbc.com,TRUE,Mason,Sanford,67048 Meadow Ridge Alley,Des Moines,2019-06-27,2025-03-03
jrozierad,939-718-9109,arozierad@newyorker.com,TRUE,Charles,Donaldson,90 Fieldstone Park,San Diego,2019-06-29,2025-11-03
rreekendg,984-895-3612,wreekendg@columbia.edu,TRUE,Nathan,Fisher,9684 Kinsman Point,New York,2019-06-30,2025-05-07
mplaschke5t,488-449-9297,aplaschke5t@merriam-webster.com,TRUE,Beckett,Yates,08241 Nancy Drive,Charleston,2019-07-22,2025-08-18
rmatejag7,281-181-8762,nmatejag7@unicef.org,TRUE,Ethan,Mills,7966 Commercial Pass,Austin,2019-07-23,2025-05-28
ebarthram8l,613-827-0725,cvaney8l@archive.org,TRUE,Kayden,Hayes,723 Mendota Lane,New York,2019-07-29,2024-12-08
fmathy5d,828-567-4923,lmathy5d@earthlink.net,TRUE,Bentley,Moyer,78 Messerschmidt Street,Denver,2019-08-06,2025-06-04
vgossipine0,834-518-1160,tgossipine0@ed.gov,FALSE,Nathan,Baldwin,1300 Algoma Road,Washington DC,2019-08-10,2025-01-02
tkeoghane9j,,gkeoghane9j@alibaba.com,TRUE,Grayson,Madden,581 Hudson Place,New York,2019-08-16,2025-06-22
elarkbyaz,802-300-7653,mlarkbyaz@tripadvisor.com,TRUE,James,Rivera,67 Dennis Park,New York,2019-08-24,2024-12-09
gcorstancs,799-936-6093,ocorstancs@biblegateway.com,TRUE,Mateo,Donaldson,84 Sundown Way,San Diego,2019-09-03,2025-11-16
mbann4d,,ebann4d@reuters.com,TRUE,Joseph,Jacobs,957 Hudson Road,Washington DC,2019-09-05,2025-04-01
cseary2i,893-474-4344,nseary2i@i2i.jp,TRUE,Natalia,Lyons,01102 Vidon Terrace,Boston,2019-09-11,2025-08-23
wsmithamel,323-480-8461,csmithamel@shareasale.com,TRUE,Luke,Allen,93 Redwing Trail,Boston,2019-09-12,2025-11-25
pmarusyak79,795-617-4440,omacanelley79@desdev.cn,TRUE,Emmanuel,Goodwin,017 Brown Center,Seattle,2019-09-15,2025-08-04
wcastledinegz,162-140-5394,mcastledinegz@devhub.com,FALSE,Matthew,Webb,93562 Ridge Oak Plaza,Boston,2019-09-20,2025-11-24
mgerhts6x,969-239-7689,ggerhts6x@w3.org,TRUE,Maximus,Horton,87 Union Place,San Francisco,2019-09-26,2025-10-21
cmcilmoriea2,633-233-1753,rmcilmoriea2@theglobeandmail.com,TRUE,Samuel,Lynch,8883 Shelley Circle,Washington DC,2019-09-26,2025-03-12
aschelleg,980-994-6510,lbrookesbieg@hatena.ne.jp,TRUE,Emily,Ward,37964 Anzinger Street,New York,2019-09-27,2025-01-23
borigan2y,476-489-6483,aorigan2y@usnews.com,TRUE,Jordan,Bishop,13 5th Terrace,San Jose,2019-10-06,2025-10-25
rbrockman7r,582-766-9084,jbrockman7r@vimeo.com,FALSE,Carlos,Phelps,32 Dottie Place,San Jose,2019-10-09,2025-11-25
afidelld,899-457-4676,kfidelld@bloglines.com,TRUE,Harper,Price,8820 Delaware Plaza,San Francisco,2019-10-16,2025-01-19
jlucock33,415-504-3832,klucock33@mysql.com,TRUE,Emersyn,Vaughn,716 Scott Drive,Portland,2019-10-21,2025-06-11
gphilippart4l,813-911-1998,mphilippart4l@naver.com,FALSE,Caleb,Townsend,6 Waubesa Way,San Francisco,2019-10-22,2025-05-10
okeppe97,165-326-5306,ckeppe97@youtube.com,TRUE,Connor,Baldwin,13 Hermina Alley,Washington DC,2019-10-26,2025-09-08
vbutterworthcr,831-461-2096,dbutterworthcr@bing.com,TRUE,Jonah,Caldwell,1 Porter Circle,Salt Lake City,2019-11-03,2025-02-16
ajentzschb9,843-741-4055,cjentzschb9@wunderground.com,TRUE,Joseph,Peters,,Boston,2019-11-04,2025-04-07
mseabridgear,355-686-1683,aseabridgear@1688.com,FALSE,Gabriel,Henson,81 Express Avenue,Spokane,2019-11-07,2025-03-31
sdwane1a,545-122-1320,gdwane1a@hubpages.com,FALSE,Audrey,Hayes,7003 Esker Crossing,Las Vegas,2019-11-08,2025-09-25
rkiellorgs,653-695-8709,tkiellorgs@gnu.org,TRUE,Ryan,McCarthy,173 Twin Pines Hill,Seattle,2019-11-10,2025-04-11
mgarmansh0,709-760-2886,jgarmansh0@nyu.edu,FALSE,William,Allen,32 Maple Wood Crossing,Boston,2019-11-13,2025-11-03
crosenschein42,742-711-1819,srosenschein42@scribd.com,TRUE,William,Perry,01835 Scofield Street,Boston,2019-11-20,2025-02-21
hsloeyfl,165-561-0012,nsloeyfl@domainmarket.com,TRUE,Lucas,Krause,3 Hollow Ridge Junction,Madison,2019-11-27,2025-06-24
lcobbledickan,666-232-0161,fcobbledickan@barnesandnoble.com,TRUE,Eli,Sanford,622 Beilfuss Circle,Des Moines,2019-11-30,2025-08-28
bferrieroi61,130-992-0826,kferrieroi61@mayoclinic.com,TRUE,Eli,Ward,91160 La Follette Pass,San Francisco,2019-12-04,2025-07-29
ggoulddo,904-255-3127,dgoulddo@wikipedia.org,FALSE,Alexander,Perry,321 Corscot Circle,Boston,2019-12-04,2025-10-01
abamb1b,543-838-8885,dbamb1b@microsoft.com,TRUE,Skylar,Myers,174 Eagan Center,Las Vegas,2019-12-06,2025-02-13
ajenne2h,810-933-8859,mjenne2h@quantcast.com,TRUE,Sophie,Chambers,0437 Muir Avenue,Seattle,2019-12-08,2025-11-22
vdymottdt,991-472-9141,vdymottdt@oaic.gov.au,TRUE,Joseph,Lane,78270 Kinsman Way,Austin,2019-12-16,2025-09-16
mgirauld8d,711-371-9859,wgirauld8d@samsung.com,FALSE,Kairo,Henson,1351 Service Park,Spokane,2019-12-18,2025-09-21
ldooheyha,213-303-6033,fdooheyha@skype.com,TRUE,Lucas,Lynch,578 Continental Trail,Washington DC,2019-12-22,2025-08-17
jvolettefz,421-148-2507,avolettefz@prweb.com,TRUE,Isaac,Sullivan,77 Hudson Road,Seattle,2019-12-26,2025-10-19
dnossent3t,350-722-4613,gnossent3t@diigo.com,TRUE,Jackson,Barnes,2 Rieder Center,New York,2020-01-04,2025-06-23
astapells7p,300-745-3651,nstapells7p@diigo.com,FALSE,Theo,Holloway,0606 Annamark Place,Washington DC,2020-01-07,2024-12-16
mpancoastj3,746-612-4130,apancoastj3@harvard.edu,TRUE,Ethan,Briggs,4480 Miller Court,New York,2020-01-10,2025-04-06
lbrastead40,196-642-3582,tmcnellis40@nps.gov,TRUE,Jacob,Porter,08 Kennedy Avenue,Boston,2020-01-16,2025-03-24
bberregw,,yberregw@cbsnews.com,FALSE,Jacob,Parks,2 Sugar Crossing,Seattle,2020-01-21,2025-08-22
gpetrengo,109-982-4964,apetrengo@nasa.gov,TRUE,Lucas,Erickson,2377 Bluestem Circle,New York,2020-01-22,2025-06-08
sfrost73,439-216-0183,kfrost73@theguardian.com,TRUE,Elliot,Briggs,2214 Cascade Circle,New York,2020-01-23,2025-04-21
sthompson1i,191-868-4221,lthompson1i@mapy.cz,TRUE,Peyton,Peters,42447 Schmedeman Road,Seattle,2020-01-24,2025-01-19
jsienefv,166-991-4477,csienefv@bloglovin.com,TRUE,Gabriel,Fisher,740 Carpenter Street,New York,2020-01-31,2025-10-21
csouthwardhx,410-300-4935,esouthwardhx@w3.org,TRUE,Elijah,Kraus,,Santa Fe,2020-02-02,2025-03-21
hvenart68,580-603-7716,svenart68@china.com.cn,TRUE,Ezekiel,Barnes,27385 Clemons Terrace,New York,2020-02-05,2025-06-06
adaughtreybu,378-459-4130,kdaughtreybu@gnu.org,TRUE,Aiden,Griffin,04 Gina Court,New York,2020-02-14,2025-03-25
bbendelowb3,446-594-7600,sbendelowb3@google.es,TRUE,Gabriel,Ford,640 Dakota Park,Seattle,2020-02-20,2024-12-07
krosenstengel4j,144-336-3645,crosenstengel4j@com.com,FALSE,Maverick,Warner,0109 Old Gate Hill,San Francisco,2020-03-01,2025-02-26
kchippingbb,352-429-0434,bchippingbb@stanford.edu,TRUE,Christopher,Coleman,,Boston,2020-03-07,2025-01-03
lmarquese6t,683-894-5083,cmarquese6t@hc360.com,TRUE,Vincent,Baldwin,98043 Burrows Center,Washington DC,2020-03-14,2025-07-20
eklaggemanes,848-532-7219,lklaggemanes@jiathis.com,TRUE,David,Berry,30263 Sunnyside Alley,Washington DC,2020-03-18,2025-04-06
acansfield8u,315-137-5003,pcansfield8u@usda.gov,TRUE,Caleb,Peters,6 Loomis Center,Boston,2020-03-31,2025-01-06
echeshire3n,813-774-6172,gteers3n@hexun.com,TRUE,James,Brooks,6385 Grover Avenue,San Francisco,2020-04-02,2025-05-28
mlovitt72,521-268-2148,blovitt72@wsj.com,TRUE,Malachi,Erickson,0 Browning Place,New York,2020-04-04,2025-01-30
klefeaver2z,677-399-6272,ilefeaver2z@state.tx.us,TRUE,Mila,Harrington,9485 7th Terrace,Denver,2020-04-10,2024-12-12
lcannawayez,507-226-8904,fcannawayez@tinypic.com,FALSE,Daniel,Moyer,9321 John Wall Trail,Denver,2020-04-24,2025-02-20
dkeiltyj9,,starrantj9@hugedomains.com,TRUE,Owen,Goodwin,037 Judy Park,Seattle,2020-05-02,2025-10-20
kgiacopazzi47,119-871-0498,vgiacopazzi47@patch.com,TRUE,Luke,Lane,,Austin,2020-05-05,2025-02-01
cwintringham8c,113-268-8807,swintringham8c@myspace.com,FALSE,Cruz,McKnight,5663 Melby Drive,Richmond,2020-05-10,2025-09-29
gdarbenjb,387-908-6096,fdarbenjb@yellowpages.com,TRUE,Henry,Brewer,47889 Evergreen Park,Boston,2020-05-14,2025-05-24
mtoke9r,858-584-4145,ptoke9r@baidu.com,TRUE,Wyatt,Webb,25274 Riverside Road,Boston,2020-05-15,2024-12-18
efrusher5y,491-295-2995,cfrusher5y@sbwire.com,TRUE,Graham,Henson,7715 Macpherson Drive,Spokane,2020-05-16,2024-12-15
araper6r,291-175-1178,cdebney6r@fc2.com,TRUE,Jaxon,Little,67357 Kingsford Street,Washington DC,2020-05-17,2025-04-26
cmacvaydq,410-482-4704,emacvaydq@e-recht24.de,TRUE,Daniel,Jenkins,6 Sunfield Pass,Boston,2020-05-22,2024-12-09
phearleic,295-213-5615,dhearleic@smh.com.au,TRUE,Owen,Graham,69 Schurz Court,Seattle,2020-05-26,2025-08-22
kbloysed,846-630-7652,jbloysed@bigcartel.com,TRUE,Oliver,McCarthy,8 Meadow Valley Street,Seattle,2020-05-29,2025-06-05
aenga3j,383-976-2920,aenga3j@delicious.com,TRUE,Brynlee,McKnight,67290 Holmberg Place,Richmond,2020-06-04,2025-01-09
ileirmonth8j,550-543-9502,pleirmonth8j@twitpic.com,TRUE,Miles,Bryant,3421 Victoria Drive,New York,2020-06-12,2025-04-13
mgoolden8w,133-955-0462,klayland8w@woothemes.com,TRUE,Sebastian,Coleman,92 Leroy Trail,Boston,2020-06-12,2025-08-07
sseabrooke7s,262-835-6374,lseabrooke7s@zimbio.com,FALSE,Cole,Moyer,50 Victoria Parkway,Denver,2020-06-13,2025-04-05
pduncklee8,988-960-4851,msonnenschein8@baidu.com,TRUE,Mason,Flores,9 Karstens Alley,Denver,2020-06-22,2025-11-25
ewennb0,114-209-1128,gwennb0@discuz.net,TRUE,Alexander,Hayes,,New York,2020-06-22,2025-03-30
ralyokhineg,858-400-6179,galyokhineg@unicef.org,FALSE,Aiden,Goodwin,01 Miller Way,Seattle,2020-07-03,2025-11-19
pstookedc,324-895-4501,dstookedc@addtoany.com,TRUE,Ezra,Bryant,47 Rowland Hill,New York,2020-07-07,2025-11-21
nearnshawg4,390-333-9207,mearnshawg4@redcross.org,TRUE,Sebastian,Coleman,43927 Hovde Junction,Boston,2020-07-21,2025-02-17
ahutsbydb,242-125-1586,ghutsbydb@admin.ch,FALSE,Landon,Foster,9 Anthes Alley,San Francisco,2020-07-23,2025-04-24
lweberej,768-512-0790,mweberej@wufoo.com,FALSE,Grayson,Norman,76762 West Place,Boston,2020-07-24,2025-11-20
hswithenbyp,763-801-3856,aswithenbyp@nytimes.com,TRUE,Grace,Wood,8 Melby Plaza,Seattle,2020-08-04,2025-07-19
dstelljesbe,233-171-1244,pelmarbe@reuters.com,TRUE,Nathan,Mills,3802 Schmedeman Center,Austin,2020-08-04,2025-08-26
cvango4c,167-550-3017,avango4c@omniture.com,TRUE,Matthew,Little,24092 Mallard Point,Washington DC,2020-08-06,2025-10-30
pchesswasct,459-608-8675,fchesswasct@tumblr.com,TRUE,Cameron,McGee,17 East Pass,Philadelphia,2020-08-14,2024-12-03
lcorbally4r,316-661-9804,acorbally4r@nyu.edu,TRUE,Cameron,McCarthy,70 Luster Drive,Seattle,2020-08-19,2025-02-13
breddanb1,349-759-7312,jreddanb1@themeforest.net,TRUE,Benjamin,Barnes,3472 High Crossing Alley,New York,2020-08-21,2025-04-03
eobybd,308-909-8104,mobybd@usatoday.com,TRUE,Ryan,Stone,7615 Barnett Crossing,Austin,2020-08-25,2025-06-13
awhyteman3m,313-350-1861,awhyteman3m@senate.gov,TRUE,Elijah,Ward,0 Evergreen Avenue,San Francisco,2020-08-27,2025-01-14
fanniwell4n,325-234-8108,lanniwell4n@networksolutions.com,FALSE,Isaiah,Erickson,8 Sunbrook Street,New York,2020-08-29,2025-09-13
athompson11,307-260-8150,gthompson11@unc.edu,TRUE,Savannah,Simmons,25594 Carberry Hill,Washington DC,2020-09-01,2025-09-26
bmullinger7y,865-564-4975,lmullinger7y@va.gov,TRUE,Dawson,Caldwell,,Salt Lake City,2020-09-07,2025-07-27
fblydefu,852-615-2092,hblydefu@weather.com,TRUE,Owen,Barnes,029 Roth Plaza,New York,2020-09-09,2025-10-02
eelnor22,298-401-1101,kelnor22@issuu.com,FALSE,Gianna,Townsend,698 Bluestem Hill,San Jose,2020-09-21,2025-10-16
tgilluley2l,142-670-4177,pgilluley2l@blogs.com,TRUE,Maya,Curtis,78035 Northport Court,Boston,2020-09-22,2025-09-16
jramel4a,153-261-1761,cramel4a@msu.edu,TRUE,David,Stevens,032 Quincy Parkway,Washington DC,2020-10-08,2024-12-25
ehutchingesc8,303-125-1421,ghutchingesc8@seattletimes.com,FALSE,Miles,Chambers,94238 Briar Crest Parkway,Boston,2020-10-12,2025-10-02
hstaplefordje,570-459-1243,sstaplefordje@ucoz.com,FALSE,Nathan,Allen,4554 Steensland Road,Boston,2020-10-16,2025-11-24
jforwardf8,995-607-3498,vforwardf8@earthlink.net,TRUE,John,Vaughn,95472 Butterfield Point,Atlanta,2020-10-17,2025-08-04
rschutt6u,279-764-1576,mschutt6u@ifeng.com,TRUE,Micah,Burke,2 Gale Point,San Jose,2020-10-27,2025-03-23
tbrookbank92,627-142-5868,hbrookbank92@nps.gov,TRUE,Mateo,Riley,07147 Lukken Lane,Austin,2020-11-11,2025-09-13
dhaldoneb,376-853-1860,fhaldoneb@odnoklassniki.ru,TRUE,Ethan,Johnston,769 Pleasure Court,New York,2020-11-11,2025-06-19
aclevers,576-708-9271,pclevers@bing.com,TRUE,Layla,Long,03635 Superior Drive,Boston,2020-11-15,2024-12-26
ewiltsheriz,350-532-0080,pbigleyiz@slate.com,TRUE,Elijah,Burns,476 Derek Terrace,San Francisco,2020-11-18,2025-03-25
kbluschkeb4,304-627-8394,rbluschkeb4@senate.gov,TRUE,Ethan,Hamilton,23 Londonderry Avenue,Seattle,2020-11-19,2025-02-14
csmailedy,725-107-1792,psmailedy@unicef.org,TRUE,Joshua,Little,965 Clyde Gallagher Lane,Washington DC,2020-12-19,2025-01-24
rknowltongh,413-536-8624,aknowltongh@skyrock.com,FALSE,Ethan,Brady,8 Sage Place,San Jose,2020-12-21,2025-07-20
dhubbard59,849-205-0888,phubbard59@economist.com,TRUE,Brooks,Lynch,781 1st Avenue,Washington DC,2020-12-24,2025-02-12
bblasli5c,779-638-6423,rblasli5c@marketwatch.com,TRUE,Kai,Phelps,7 Debra Parkway,San Jose,2021-01-02,2025-04-20
mwipfler2s,739-332-9326,cwipfler2s@moonfruit.com,TRUE,Elise,Baxter,10402 Kensington Hill,Washington DC,2021-01-08,2025-10-26
bpendridhp,957-849-1710,hpendridhp@etsy.com,TRUE,Jackson,Carr,4714 Village Alley,Houston,2021-01-10,2025-02-06
bandresserd6,859-509-8984,vandresserd6@va.gov,TRUE,Xavier,Henson,771 Maple Wood Avenue,Spokane,2021-01-13,2025-08-28
ssirr9w,380-988-5770,bhackley9w@g.co,TRUE,Ryan,Tate,74100 Dovetail Center,Austin,2021-01-20,2025-09-17
asteven46,409-314-0743,csteven46@dailymail.co.uk,TRUE,Owen,Mills,48 Leroy Avenue,Austin,2021-01-23,2025-09-12
odansonu,626-949-0918,edansonu@purevolume.com,TRUE,Zoey,Mitchell,46 Sugar Plaza,Boston,2021-02-05,2025-01-16
rheake7w,233-240-2095,hheake7w@elpais.com,TRUE,Enzo,Bishop,83856 Northport Plaza,Portland,2021-02-14,2025-11-03
vfishburnc0,256-410-3405,jfishburnc0@indiegogo.com,TRUE,Cameron,Pope,5 Independence Crossing,Seattle,2021-02-23,2024-12-04
delbyb5,899-206-7620,belbyb5@so-net.ne.jp,TRUE,Samuel,Graham,8 Ridgeway Parkway,Seattle,2021-02-24,2025-10-12
rgaiger6b,134-793-4690,dgaiger6b@themeforest.net,TRUE,Adam,Hamilton,,Seattle,2021-02-25,2025-05-07
ehalpinee6,930-245-1454,thalpinee6@blogger.com,FALSE,Alexander,Burns,2377 6th Place,San Francisco,2021-03-10,2025-01-04
cechalie2p,273-467-8223,aechalie2p@seesaa.net,TRUE,River,Cross,0004 Macpherson Place,Austin,2021-03-14,2025-01-04
eghidolibf,884-785-3300,rghidolibf@ca.gov,TRUE,Luke,Lane,9 Claremont Center,Austin,2021-03-19,2025-04-11
lsaunders2o,695-229-1980,agrunder2o@alexa.com,TRUE,Ivy,Thornton,90 Bellgrove Road,Austin,2021-03-21,2025-05-12
vgladbachcj,609-614-7880,mgladbachcj@irs.gov,TRUE,Adrian,Baxter,8 Truax Lane,San Jose,2021-03-27,2024-12-26
hdyerscc,582-797-8492,edyerscc@mayoclinic.com,TRUE,Carter,Curtis,93383 Moland Circle,Austin,2021-03-31,2025-11-08
ddawdary2c,280-434-2815,rshovelin2c@topsy.com,FALSE,Julia,Parks,78027 Walton Lane,New York,2021-04-23,2024-12-26
wschutt6j,904-883-6220,cschutt6j@google.pl,TRUE,Jeremiah,Jenkins,42897 Ridge Oak Alley,Boston,2021-04-23,2025-08-09
emutlow95,654-853-6833,smutlow95@purevolume.com,TRUE,Aaron,Little,7 Schlimgen Point,Washington DC,2021-04-24,2025-11-23
lburcombebx,824-672-2523,oburcombebx@ibm.com,FALSE,Mateo,Johnston,99045 Hermina Drive,New York,2021-04-27,2025-03-22
ajills13,469-730-6959,ejills13@php.net,TRUE,Paisley,Henderson,246 Bartillon Alley,Washington DC,2021-04-29,2025-01-24
ericciardelli3q,797-452-8845,fricciardelli3q@who.int,TRUE,Henry,Bryant,3 Golden Leaf Alley,New York,2021-04-30,2025-05-31
ecompfortik,824-500-3870,ccompfortik@google.es,FALSE,Liam,Stone,16 Lillian Circle,Austin,2021-05-05,2025-10-06
bgoodfellowebs,390-159-8971,cgoodfellowebs@yellowbook.com,TRUE,Joseph,Burns,13 Waywood Crossing,San Francisco,2021-05-12,2025-01-25
fantoniewicz5q,830-680-6948,rantoniewicz5q@howstuffworks.com,TRUE,Karter,Estes,43874 Texas Street,Bend,2021-05-21,2025-09-14
jranscombef0,201-881-3316,yranscombef0@wunderground.com,TRUE,Caleb,Whitaker,4325 Eagle Crest Alley,Minneapolis,2021-05-22,2025-07-11
isnoxall63,410-542-8894,tsnoxall63@sogou.com,TRUE,Calvin,Powell,10347 Knutson Circle,San Francisco,2021-06-01,2025-11-01
jproudlovecy,286-511-1348,dproudlovecy@hc360.com,TRUE,Asher,Estes,9413 Little Fleur Road,Bend,2021-06-02,2024-11-26
lmaestro8x,320-992-8293,amaestro8x@exblog.jp,TRUE,Christian,Jenkins,413 Hanson Parkway,Boston,2021-06-04,2025-09-13
rweinbergf6,297-135-1678,adecourcyf6@cnet.com,FALSE,Joseph,Donaldson,5 Summit Circle,San Diego,2021-06-07,2025-08-31
hprium4,953-881-5833,pprium4@cmu.edu,TRUE,Noah,Patel,86670 Pierstorff Terrace,Boston,2021-06-23,2025-03-26
lcalderheadj2,689-740-6482,alavensj2@twitpic.com,TRUE,Isaiah,Erickson,8 Killdeer Alley,New York,2021-06-24,2025-03-04
mmcgrawi0,284-143-8492,gmcgrawi0@washingtonpost.com,TRUE,Julian,Carter,21 Golf Course Trail,San Francisco,2021-06-29,2025-04-14
nrevel94,645-963-2819,kfaulconer94@w3.org,TRUE,Jeremiah,Barrett,4 Fulton Road,Washington DC,2021-07-01,2025-07-30
bbollen1k,388-423-9717,sbollen1k@fotki.com,TRUE,Bella,Coleman,5 5th Plaza,Seattle,2021-07-07,2025-01-20
kdightgi,747-922-6350,pdightgi@reference.com,TRUE,Alexander,Shelton,50737 Magdeline Street,San Francisco,2021-07-11,2025-07-19
kcallaway9m,776-483-2265,gsatchell9m@europa.eu,TRUE,Leo,Shepherd,1015 Kedzie Plaza,Seattle,2021-07-17,2025-01-02
gkemson51,349-675-3527,rkemson51@deliciousdays.com,TRUE,Greyson,Lyons,,Austin,2021-08-01,2025-01-26
arother62,808-590-0273,brother62@twitpic.com,TRUE,Jude,Brooks,4 Goodland Hill,San Francisco,2021-08-09,2025-02-20
vrushmerei6,515-530-8966,arushmerei6@booking.com,TRUE,Eli,Rivera,0697 Harbort Point,New York,2021-08-09,2025-11-19
ebleezej0,673-774-9312,jbleezej0@intel.com,TRUE,Alexander,Townsend,69710 Independence Drive,San Francisco,2021-08-14,2025-04-19
eshackesby9q,295-759-3294,mshackesby9q@squarespace.com,TRUE,Ethan,Norman,0004 Meadow Ridge Terrace,Boston,2021-08-16,2025-06-26
wlenthallq,865-353-9210,glenthallq@canalblog.com,TRUE,Chloe,King,5 Johnson Parkway,Boston,2021-08-22,2024-12-10
jdimitrieij,,bdimitrieij@go.com,FALSE,Matthew,Jenkins,,Boston,2021-08-22,2025-09-07
dgenty5e,561-468-5077,mbracher5e@arizona.edu,TRUE,Micah,Whitaker,2930 Blue Bill Park Terrace,Minneapolis,2021-08-28,2025-09-12
kbranstony,,cbranstony@xinhuanet.com,TRUE,Hazel,Griffin,27559 Pawling Way,Austin,2021-09-01,2025-03-27
bsweetenham3w,356-246-2342,ksweetenham3w@sciencedaily.com,TRUE,Logan,Hamilton,,Seattle,2021-09-06,2025-07-21
rrolfe1w,,jrolfe1w@vkontakte.ru,FALSE,Cora,Burke,69780 Village Green Parkway,Washington DC,2021-09-10,2025-01-10
tgissophl,674-853-2714,ggissophl@ask.com,TRUE,Levi,Donaldson,0 Paget Center,San Diego,2021-09-10,2025-03-01
jfrobisher12,486-763-2227,gfrobisher12@irs.gov,TRUE,Brooklyn,Foster,54099 Killdeer Lane,Washington DC,2021-10-07,2024-11-26
dshadwick9d,476-425-2909,mtombs9d@craigslist.org,TRUE,Beckett,Burns,65 Northland Point,San Francisco,2021-10-07,2025-04-18
pmiddiff32,572-558-6549,ngrigoire32@vimeo.com,TRUE,Ariella,McGee,4 Linden Hill,Charlotte,2021-10-14,2025-09-04
xpactat7k,317-462-2374,cpactat7k@twitter.com,TRUE,Nicolas,Armstrong,29307 Boyd Lane,Austin,2021-10-17,2025-01-04
calexandredj,465-743-3001,galexandredj@altervista.org,FALSE,Evan,Graham,9553 Ridgeview Street,Seattle,2021-10-22,2025-10-30
ngarrod50,779-678-0637,ngarrod50@sfgate.com,FALSE,Jaxson,Chambers,715 Spaight Point,Boston,2021-10-27,2025-02-08
ltrilla8,671-136-3210,ttrilla8@nps.gov,FALSE,Anthony,Duke,7894 Roxbury Way,Raleigh,2021-10-27,2025-05-26
jharvett5k,410-993-4170,gharvett5k@wiley.com,TRUE,Weston,Donaldson,49 Meadow Vale Parkway,San Diego,2021-10-30,2025-06-10
rcobboldcl,495-192-3635,hcobboldcl@census.gov,TRUE,Aaron,Moyer,9628 Mallard Place,Denver,2021-11-06,2025-03-12
tclericoatesk,360-961-3763,eclericoatesk@eepurl.com,TRUE,Luna,Hughes,2454 Judy Crossing,New York,2021-11-10,2025-09-09
lizsak37,694-804-8990,kizsak37@harvard.edu,TRUE,Vivienne,French,,Philadelphia,2021-11-15,2025-07-26
bsimkad8,751-612-7667,dsimkad8@sogou.com,FALSE,Milo,Ward,26008 Towne Circle,San Francisco,2021-11-16,2025-07-28
cbyhamdh,361-150-3844,hbyhamdh@unicef.org,FALSE,Hudson,Ford,5 Daystar Lane,Seattle,2021-11-20,2025-03-04
hneate2b,,nneate2b@e-recht24.de,FALSE,Clara,Goodwin,96775 Marcy Plaza,New York,2021-11-25,2025-10-02
hsindersoniq,848-935-9932,jsindersoniq@ustream.tv,TRUE,Maverick,Barrett,80379 Birchwood Drive,Washington DC,2021-11-25,2025-04-27
menglishby4f,594-294-2102,tenglishby4f@trellian.com,TRUE,Julian,Burke,4779 Helena Parkway,San Jose,2021-12-06,2025-05-07
rstrippf5,442-455-9231,tstrippf5@google.cn,TRUE,David,Caldwell,37592 Harper Avenue,Salt Lake City,2021-12-08,2025-09-26
rbraghini80,862-187-3717,fbraghini80@elegantthemes.com,FALSE,Elliott,McGee,6 Old Gate Avenue,Philadelphia,2021-12-12,2025-02-10
tburfootc5,417-555-7376,lburfootc5@dedecms.com,TRUE,Grayson,Norman,3 Pierstorff Street,Boston,2021-12-12,2025-10-13
ogosforthf9,651-980-4628,fgosforthf9@twitpic.com,FALSE,Matthew,Stuart,28108 Saint Paul Junction,Dallas,2021-12-14,2024-12-12
evaunhe,152-507-4860,rvaunhe@umn.edu,TRUE,Isaiah,Moyer,7983 Miller Street,Denver,2021-12-15,2025-07-01
pjerdein6g,298-463-1510,gludlem6g@gmpg.org,TRUE,Aaron,Peters,640 2nd Terrace,Boston,2021-12-16,2025-09-13
gjessopgb,,rjessopgb@amazon.com,TRUE,Jackson,Stevens,191 Jay Street,Washington DC,2021-12-21,2025-09-04
mmillanbj,510-640-9254,nmillanbj@thetimes.co.uk,TRUE,Elijah,Barrett,0 Stoughton Hill,Washington DC,2021-12-28,2025-06-20
sbateripgq,753-508-6325,sbateripgq@elegantthemes.com,FALSE,Caleb,Johnston,69532 South Hill,New York,2022-01-17,2025-06-10
pstrotongr,204-416-7423,dstrotongr@prnewswire.com,TRUE,Nathan,Madden,8183 Northport Junction,New York,2022-02-04,2025-03-03
kbraamcv,293-272-1294,abraamcv@amazonaws.com,TRUE,Cole,Stuart,8 Fair Oaks Way,Dallas,2022-02-05,2024-11-28
vtroygx,569-285-3408,jtroygx@china.com.cn,FALSE,Gabriel,Brewer,94 Tennyson Terrace,Boston,2022-02-06,2025-11-10
hcordeuxi7,310-732-7706,bcordeuxi7@dmoz.org,TRUE,Oliver,Hayes,7399 Debs Lane,New York,2022-02-08,2025-01-08
glamb34,968-260-5725,elamb34@ow.ly,TRUE,Adelyn,Stuart,85097 Kim Trail,Nashville,2022-02-10,2025-05-25
fgoodlet3a,569-108-2294,dgoodlet3a@java.com,TRUE,Charlee,Rollins,343 Bellgrove Court,Houston,2022-02-14,2025-05-06
jlegganfy,183-255-3526,blegganfy@google.es,TRUE,Nicholas,Graham,1 Corscot Court,Seattle,2022-02-18,2025-11-19
chalbordg0,136-348-3203,mhalbordg0@bizjournals.com,TRUE,Leo,Wallace,2 Marcy Street,Seattle,2022-02-22,2025-08-26
myukhoveh,982-414-6712,ryukhoveh@so-net.ne.jp,TRUE,Cameron,Parks,89678 Northfield Center,Seattle,2022-02-24,2025-11-22
fnewittdk,,cnewittdk@deliciousdays.com,FALSE,Isaiah,Sullivan,,Seattle,2022-02-25,2025-09-06
nwilce54,788-609-0540,twilce54@ovh.net,FALSE,Hunter,Curtis,6 Division Trail,Austin,2022-03-01,2025-08-14
pwestondv,967-796-1164,mwestondv@nih.gov,FALSE,William,Riley,,Austin,2022-03-07,2025-08-06
mstrotonev,125-236-1383,tstrotonev@cnet.com,TRUE,Nora,Sanders,68890 Charing Cross Park,Austin,2022-03-08,2025-04-27
bpeer2j,558-752-1376,jpeer2j@mac.com,TRUE,Faith,Barker,3 Clove Park,Boston,2022-03-14,2025-08-02
cwatmorecw,658-593-9766,bwatmorecw@ifeng.com,TRUE,Jason,Carr,90612 Butternut Street,Houston,2022-03-16,2025-04-12
achilcotte5h,496-586-9815,fchilcotte5h@mozilla.org,TRUE,Kingston,Bishop,16 Shelley Way,Portland,2022-03-23,2024-12-17
cpardewim,606-664-5600,rpardewim@jiathis.com,TRUE,Lucas,Lane,53460 Nobel Center,Austin,2022-03-24,2025-05-30
ywastell84,,mshimony84@github.com,FALSE,Josue,French,,Burlington,2022-04-11,2025-11-06
wwillock7m,507-207-9035,rwillock7m@prweb.com,FALSE,Ivan,Thornton,4841 Pawling Street,Washington DC,2022-04-22,2025-06-22
wbramhall7e,802-915-1623,sbramhall7e@buzzfeed.com,TRUE,Zayden,Allen,64529 Blaine Way,Boston,2022-04-25,2024-12-30
hhartiliy,388-313-4827,bhartiliy@desdev.cn,TRUE,Benjamin,Warner,3 Waywood Lane,San Francisco,2022-04-28,2024-12-14
pizkoviczef,600-259-7220,iblaydef@businessweek.com,FALSE,Elijah,Shepherd,5506 Tennessee Drive,Seattle,2022-05-02,2025-04-01
avanhoveag,436-673-5713,pvanhoveag@pagesperso-orange.fr,TRUE,Matthew,Stuart,16 Nelson Lane,Dallas,2022-05-20,2025-03-27
dvequaudgl,365-445-7568,bvequaudgl@free.fr,TRUE,Joseph,Burns,5 Anzinger Avenue,San Francisco,2022-05-21,2025-11-21
iflitcroftby,677-170-8132,lflitcroftby@blogspot.com,TRUE,Luke,Madden,76064 West Center,New York,2022-05-23,2024-12-21
afearnsex,248-242-9359,vfearnsex@blogtalkradio.com,TRUE,Andrew,Baxter,9 International Terrace,San Jose,2022-06-01,2025-09-22
eelsmore2t,526-312-0475,aelsmore2t@bing.com,TRUE,Margot,Phelps,8 Blue Bill Park Road,Washington DC,2022-06-06,2025-02-06
rkitchingman3u,609-792-5434,ckitchingman3u@example.com,TRUE,Daniel,Fisher,207 American Ash Street,New York,2022-06-18,2025-04-12
jetheringtone,533-252-8002,setheringtone@a8.net,TRUE,Evelyn,Brooks,06015 Westport Way,San Francisco,2022-07-19,2025-07-01
mszantho3g,998-481-0497,dszantho3g@bluehost.com,TRUE,Poppy,Sanford,,Des Moines,2022-07-21,2025-02-19
gcrucef7,647-724-5580,rcrucef7@gov.uk,TRUE,William,McGee,04453 Westridge Park,Philadelphia,2022-07-25,2025-01-24
tdietschej8,171-850-0610,elintotj8@chron.com,TRUE,Liam,Shepherd,8 Becker Terrace,Seattle,2022-08-13,2025-09-23
mwodham3,649-361-5301,gwodham3@dot.gov,TRUE,Olivia,Nguyen,1 Jenna Way,Seattle,2022-08-24,2025-06-23
dcoldbreath9l,427-698-6879,rcoldbreath9l@ehow.com,TRUE,Jason,Pope,51 Bayside Junction,Seattle,2022-08-30,2025-04-30
dstyan7q,145-932-8768,astyan7q@usgs.gov,TRUE,Bryce,Baxter,61438 Golf Course Junction,San Jose,2022-09-04,2025-06-08
dradfordhu,667-936-8192,jradfordhu@pinterest.com,TRUE,Isaac,Yates,634 Hanover Court,Charleston,2022-09-12,2025-08-10
alequeux8h,559-683-4213,rthoumas8h@moonfruit.com,TRUE,Jasper,Powell,848 Mitchell Avenue,San Francisco,2022-09-13,2025-04-28
cnenci16,333-370-0224,rbyk16@networkadvertising.org,TRUE,Natalie,Barnes,3 High Crossing Street,San Jose,2022-09-21,2025-08-12
tdawtreyak,872-396-7906,cdawtreyak@walmart.com,FALSE,Ryan,Krause,71251 Lindbergh Trail,Madison,2022-10-05,2025-01-05
ndemendozadi,840-932-1084,gdemendozadi@ezinearticles.com,FALSE,Leo,Hamilton,,Seattle,2022-10-08,2025-10-18
akempton6m,561-125-0099,skempton6m@ebay.com,TRUE,Braxton,Lane,3 Fulton Point,Austin,2022-10-09,2025-01-09
sfeechanhb,397-427-9900,hfeechanhb@cpanel.net,TRUE,Henry,Holloway,74 Kings Street,Washington DC,2022-10-12,2025-03-05
pbohlje7,555-874-7002,hbohlje7@nih.gov,TRUE,Sophia,Ramirez,3663 Graceland Point,Austin,2022-10-13,2025-04-13
abitchenog5,451-696-0874,abitchenog5@tinypic.com,TRUE,Dominic,Jenkins,210 Northport Street,Boston,2022-10-13,2025-06-10
sboarercq,545-284-1607,sboarercq@freewebs.com,TRUE,Angel,Harrington,643 Heffernan Lane,Nashville,2022-10-20,2025-09-07
hbenediktovichhi,146-761-8198,mbenediktovichhi@archive.org,TRUE,Carter,Bishop,,Portland,2022-10-24,2025-03-18
fheymese8,165-545-9437,cheymese8@hibu.com,TRUE,Mason,Griffin,184 Manufacturers Lane,New York,2022-10-26,2025-10-19
sbehninckgu,837-248-2104,cbehninckgu@buzzfeed.com,FALSE,Eli,Shepherd,48 Basil Alley,Seattle,2022-11-16,2025-06-17
bboeter2w,654-357-3735,scareswell2w@bloomberg.com,TRUE,Sloane,Duke,3 Alpine Lane,Washington DC,2022-11-18,2024-12-01
abeddardfd,957-424-7984,rbeddardfd@yelp.com,TRUE,Mason,Krause,29 Kings Lane,Madison,2022-11-21,2025-10-08
lmollatt1q,895-434-5634,amollatt1q@symantec.com,TRUE,Autumn,Riley,31 Hallows Street,Boston,2022-11-22,2025-06-19
skimpton78,788-572-4555,ekimpton78@chronoengine.com,TRUE,Jason,Shepherd,71000 Corry Plaza,Seattle,2022-11-22,2025-05-18
hshilladayh9,640-692-0396,lcarletonh9@xing.com,TRUE,Samuel,Cross,27205 Stuart Crossing,Washington DC,2022-11-29,2024-12-08
jdaice1v,998-248-9143,wdaice1v@liveinternet.ru,TRUE,Aaliyah,Baldwin,94 Rockefeller Crossing,Austin,2022-12-07,2024-12-12
kambroisec6,427-302-7913,sambroisec6@jigsy.com,FALSE,Colton,Webb,03676 Fairfield Trail,Boston,2022-12-09,2025-05-31
pfriman89,354-193-1028,afriman89@blogger.com,FALSE,Santino,Sanford,961 Portage Hill,Des Moines,2022-12-11,2024-12-17
crichie6v,713-750-2383,srichie6v@slashdot.org,TRUE,Roman,Brady,,San Jose,2022-12-20,2025-03-10
abridgnell96,,hbridgnell96@aol.com,TRUE,Maverick,Jacobs,8087 Oxford Hill,Washington DC,2022-12-21,2025-04-05
vburgoynea3,688-279-0044,lburgoynea3@sun.com,TRUE,William,Holloway,4 Village Green Road,Washington DC,2022-12-27,2025-05-04
tolorenshaw17,,acrosskell17@e-recht24.de,FALSE,Zoe,Fisher,38 Twin Pines Terrace,San Francisco,2022-12-28,2025-10-18
dmacalasterck,451-272-6191,dmacalasterck@loc.gov,TRUE,Nathan,Phelps,0492 Dakota Lane,San Jose,2022-12-29,2024-12-17
clandrickhh,505-399-2294,sbonnysonhh@biglobe.ne.jp,TRUE,Wyatt,Monroe,011 Waxwing Avenue,Charlotte,2023-01-05,2025-10-23
mbrennen2e,692-694-4733,zbrennen2e@alibaba.com,TRUE,Adalynn,Norman,06700 Dapin Circle,Seattle,2023-01-16,2025-05-30
mduckwithh,939-455-2716,cduckwithh@blinklist.com,TRUE,Ella,Cox,035 Valley Edge Street,New York,2023-01-18,2025-08-30
galldridgeg3,676-175-7260,walldridgeg3@chicagotribune.com,TRUE,Isaiah,Perry,9 Farwell Place,Boston,2023-02-04,2025-07-06
ngratrex14,726-957-5249,hgratrex14@imageshack.us,TRUE,Ellie,Rivera,804 Eastlawn Circle,Washington DC,2023-02-08,2025-01-23
ctabourin19,983-591-3151,rtabourin19@mail.ru,TRUE,Hannah,Reyes,37 Menomonie Lane,San Francisco,2023-02-08,2025-05-26
ttrice8v,241-185-1589,ltrice8v@hhs.gov,TRUE,Isaiah,Perry,16046 Marcy Park,Boston,2023-02-14,2024-12-09
fdowseyd3,607-495-7442,adowseyd3@skype.com,TRUE,Emmett,Barlow,771 Oak Valley Lane,Boise,2023-02-19,2025-10-30
zdunkerley6k,834-762-0717,bdunkerley6k@marriott.com,TRUE,Landon,Stone,604 Old Gate Place,Austin,2023-02-20,2025-08-15
ctutchell8g,149-535-1561,etutchell8g@vimeo.com,TRUE,Bentley,Brooks,,San Francisco,2023-02-21,2025-08-26
olowensohnf1,634-663-1960,rlowensohnf1@ucoz.ru,TRUE,Isaiah,Duke,6067 Eagan Way,Raleigh,2023-02-24,2025-07-13
kshambroke4o,481-197-8176,cshambroke4o@un.org,FALSE,Charles,Briggs,,New York,2023-02-26,2025-01-18
dethertonj6,119-648-2168,oethertonj6@zimbio.com,FALSE,Lucas,McCarthy,2 Delladonna Court,Seattle,2023-03-10,2025-07-31
awellsman5v,547-823-8340,acotman5v@google.es,TRUE,Zion,Barlow,9002 Waubesa Crossing,Boise,2023-04-09,2025-05-20
ktomaskov8s,631-992-2705,stomaskov8s@elegantthemes.com,TRUE,Grayson,Wallace,306 Onsgard Drive,Seattle,2023-04-18,2025-10-14
arhuleer,859-840-2913,jrhuleer@deliciousdays.com,FALSE,Eli,Armstrong,05452 Coleman Center,Austin,2023-04-26,2025-04-09
tscatcher5u,646-480-6772,ccammacke5u@netscape.com,TRUE,River,Sanford,04533 Fordem Terrace,Des Moines,2023-04-28,2025-01-08
rpitkeathley7c,667-616-8750,tpitkeathley7c@cnet.com,TRUE,Ryker,Norman,45 Leroy Terrace,Boston,2023-05-08,2025-11-12
hjiruh1,140-999-9847,tjiruh1@dyndns.org,TRUE,James,Chambers,,Boston,2023-05-15,2025-06-29
mwarkeca,687-118-2253,mwarkeca@taobao.com,TRUE,Jonathan,Barker,48 Autumn Leaf Trail,Austin,2023-06-06,2025-03-17
blaughrenff,558-955-7781,tlaughrenff@youtu.be,TRUE,Aiden,Yates,3381 Prairie Rose Way,Charleston,2023-06-15,2025-02-15
ogillimghamb8,989-911-7620,ebeynb8@bbc.co.uk,TRUE,Andrew,Porter,76 Fallview Street,Boston,2023-06-18,2025-03-16
kstopforth7d,577-752-2629,mtome7d@china.com.cn,TRUE,Tyler,Webb,495 Glacier Hill Plaza,Boston,2023-06-19,2025-06-03
rthrasher1r,126-756-2876,ethrasher1r@unesco.org,TRUE,Serenity,Stevens,067 Shelley Plaza,Austin,2023-07-12,2025-06-18
bqueyeiro6l,843-236-6220,rqueyeiro6l@bandcamp.com,TRUE,Dominic,Mills,,Austin,2023-07-12,2025-08-05
alornsen5z,153-456-9834,clornsen5z@1688.com,TRUE,#VALUE!,#VALUE!,5405 High Crossing Crossing,Corpus Christi,2023-07-14,2025-04-08
rgieves49,431-412-8493,ngieves49@cnet.com,TRUE,Levi,Riley,6120 Bobwhite Crossing,Austin,2023-07-25,2025-05-29
aclooney4q,824-326-9147,jblenkhorn4q@alibaba.com,FALSE,Adrian,Madden,9726 Victoria Junction,New York,2023-07-30,2025-02-17
jsheeresge,117-915-6568,csheeresge@hp.com,TRUE,Henry,Jacobs,24699 Di Loreto Parkway,Washington DC,2023-08-01,2025-02-23
edenisyuki,255-612-9104,rdenisyuki@deliciousdays.com,TRUE,Elizabeth,Howard,73873 Nancy Terrace,New York,2023-08-13,2025-03-27
ndelavaletteparisotf4,164-282-3156,adelavaletteparisotf4@homestead.com,FALSE,Aaron,Harrington,0 Gerald Drive,Nashville,2023-08-16,2025-05-25
lyorston7v,482-488-2204,fyorston7v@cnn.com,FALSE,Jett,Monroe,1422 Dawn Place,Charlotte,2023-08-21,2025-11-08
lwollard99,504-537-1517,lwollard99@simplemachines.org,TRUE,Nicholas,Brady,0 Esker Lane,San Jose,2023-09-05,2025-02-22
troxburchh6,504-895-3568,froxburchh6@dedecms.com,FALSE,Michael,Armstrong,0925 Barby Way,Austin,2023-09-16,2025-06-06
blearmonthfr,,klearmonthfr@drupal.org,TRUE,Maverick,Bryant,96 Dwight Avenue,New York,2023-09-26,2025-01-13
oengall4h,,pengall4h@miibeian.gov.cn,TRUE,Thomas,Shelton,41 Clemons Pass,San Francisco,2023-09-30,2025-10-11
vmaciejakbv,402-203-2731,feastmeadbv@intel.com,TRUE,Jackson,Erickson,,New York,2023-10-18,2025-10-02
sweedall3e,866-650-6141,cweedall3e@exblog.jp,TRUE,Dream,Salazar,0112 Redwing Avenue,Ann Arbor,2023-10-23,2025-04-09
agunnygd,427-604-5025,dgunnygd@state.gov,FALSE,Elijah,Little,553 Vermont Terrace,Washington DC,2023-10-27,2025-06-29
lwhildeci,444-969-7229,nwhildeci@imgur.com,TRUE,Jordan,Holloway,8216 Colorado Point,Washington DC,2023-10-30,2025-10-16
alippett71,197-447-5824,aknibbs71@dot.gov,TRUE,Nathaniel,Griffin,15 Pine View Trail,New York,2023-11-04,2025-04-24
ctanslie7g,932-724-4406,ktanslie7g@amazon.com,TRUE,Eli,Lyons,840 Hansons Trail,Austin,2023-11-05,2025-02-22
kpurcellh3,229-412-1128,ppurcellh3@amazon.co.uk,TRUE,Alexander,Barker,7214 Forest Dale Parkway,Austin,2023-11-24,2025-03-26
bduckhouseis,741-553-9868,bgammageis@edublogs.org,TRUE,Alexander,Jacobs,20 Riverside Point,Washington DC,2023-12-18,2025-05-01
ltynemouthea,120-858-9256,ktynemouthea@nhs.uk,FALSE,Logan,Briggs,396 International Lane,New York,2023-12-24,2025-07-01
cbroadwell2x,,ebroadwell2x@cargocollective.com,TRUE,Tessa,Monroe,5 Northport Alley,San Jose,2024-01-01,2025-11-08
bcasaccia66,528-656-8583,lcasaccia66@latimes.com,TRUE,Thomas,Rivera,95088 Sullivan Pass,New York,2024-01-01,2025-09-13
tmaria29,542-233-6169,tyearby29@telegraph.co.uk,TRUE,Adeline,Pope,36854 Oneill Hill,New York,2024-01-05,2025-05-19
mskegg58,391-950-8958,jvanderwalt58@example.com,TRUE,Everett,Cross,3338 Grover Trail,Washington DC,2024-01-07,2025-02-14
mjepps9y,710-484-7850,sjepps9y@phoca.cz,TRUE,Daniel,Armstrong,5 Canary Trail,Austin,2024-01-12,2025-11-09
icolemanfs,500-497-6578,jcolemanfs@army.mil,TRUE,Eli,Rivera,064 Chinook Street,New York,2024-01-12,2025-01-20
danthoniesam,822-617-0414,banthoniesam@deviantart.com,TRUE,Nathan,Yates,64 High Crossing Place,Charleston,2024-01-15,2025-10-27
bodeorangf,646-388-2791,nodeorangf@army.mil,FALSE,William,Baldwin,792 Hagan Alley,Washington DC,2024-01-15,2025-08-06
mtick87,972-973-9722,mtick87@bloglovin.com,TRUE,Kayson,Salazar,09 Shopko Court,Ann Arbor,2024-01-17,2025-04-11
wgallemore5i,642-451-6717,lgallemore5i@netscape.com,TRUE,Diego,Harrington,22 La Follette Alley,Nashville,2024-01-18,2025-06-20
cguthrum67,522-100-3758,jguthrum67@ucla.edu,TRUE,Charles,Hayes,6382 3rd Court,New York,2024-01-21,2025-02-15
krustedgefo,566-477-1928,irustedgefo@state.gov,TRUE,Grayson,Brooks,7861 Hollow Ridge Court,San Francisco,2024-01-22,2025-11-19
klargenbr,644-271-4038,alargenbr@comcast.net,TRUE,David,Warner,1 Kedzie Junction,San Francisco,2024-02-07,2025-08-24
robyen,758-790-2482,kobyen@npr.org,TRUE,Owen,Lyons,478 Farragut Crossing,Austin,2024-02-20,2025-03-03
crobberts7l,663-105-4514,drobberts7l@fotki.com,FALSE,Axel,Berry,2739 Milwaukee Point,Washington DC,2024-02-24,2025-09-07
cbofieldce,696-639-5331,rbofieldce@scribd.com,FALSE,Jaxon,Berry,7358 Ilene Pass,Washington DC,2024-03-05,2025-05-19
mwyllt64,945-977-8508,dwyllt64@unblog.fr,TRUE,Ashton,Foster,6 Rockefeller Junction,San Francisco,2024-03-16,2025-07-29
pchurcher4t,844-865-0872,achurcher4t@boston.com,TRUE,Christopher,Shepherd,932 Londonderry Hill,Seattle,2024-03-21,2025-04-19
lcooleac,587-792-7969,scooleac@epa.gov,FALSE,Joseph,Caldwell,97895 Thackeray Park,Salt Lake City,2024-03-24,2024-12-29
randrzejowski3k,783-913-6676,bandrzejowski3k@timesonline.co.uk,TRUE,Siena,Henson,86915 Forest Run Park,Spokane,2024-03-27,2025-08-05
thaggerty1z,818-170-0762,wwoodsford1z@goo.ne.jp,TRUE,Ariana,Horton,,Washington DC,2024-04-05,2025-11-17
dqueyeiro4k,659-905-1817,nqueyeiro4k@globo.com,FALSE,Josiah,Burns,0 Vermont Hill,San Francisco,2024-04-18,2025-05-14
bgreengrassg1,222-126-9020,bgreengrassg1@xinhuanet.com,TRUE,Caleb,Porter,6 Center Junction,Boston,2024-04-21,2025-09-22
ckeamgp,741-797-6328,skeamgp@dion.ne.jp,TRUE,Owen,Briggs,,New York,2024-04-22,2025-05-16
aruft,532-316-2545,pruft@vistaprint.com,TRUE,Riley,Scott,66 Nobel Center,Boston,2024-04-29,2025-04-02
tattreedaf,551-548-4777,aattreedaf@weather.com,TRUE,Daniel,Vaughn,663 Vera Point,Atlanta,2024-05-03,2025-07-24
hlorking4i,222-881-1686,blorking4i@ocn.ne.jp,TRUE,Hudson,Horton,,San Francisco,2024-05-04,2025-01-03
mtaysbilai,798-948-4146,ntaysbilai@thetimes.co.uk,FALSE,David,French,891 Bayside Way,Burlington,2024-05-08,2025-04-26
eshinnero,969-447-7408,cshinnero@opensource.org,TRUE,Madison,Cooper,7630 Washington Circle,Seattle,2024-05-14,2025-03-05
adanfordj4,386-213-3380,njukubczakj4@salon.com,TRUE,Gabriel,Johnston,34270 Fulton Court,New York,2024-05-15,2025-01-04
eyates1m,609-572-1726,fyates1m@ft.com,TRUE,Allison,Stone,928 Hollow Ridge Park,Boston,2024-05-18,2025-02-09
lmcmeekingfj,777-189-4150,bmcmeekingfj@techcrunch.com,TRUE,Jacob,McKnight,7 Glendale Lane,Richmond,2024-05-18,2025-02-04
gofenei,714-569-4933,kofenei@about.com,TRUE,Nathan,Brewer,2173 Dottie Avenue,Boston,2024-05-19,2025-04-23
kflewetta,615-110-5756,aflewetta@elegantthemes.com,TRUE,Mia,Edwards,3018 Scofield Court,Raleigh,2024-05-20,2025-09-27
mmarkiehf,816-279-0603,bmarkiehf@guardian.co.uk,TRUE,Logan,Whitaker,61770 Longview Center,Minneapolis,2024-05-20,2025-08-04
jarnott4g,916-975-9655,iarnott4g@flickr.com,TRUE,Adam,Brady,,San Jose,2024-05-23,2025-02-18
hiles69,272-669-2605,jiles69@google.de,TRUE,Connor,Fisher,52982 Esch Center,New York,2024-05-23,2025-06-01
rgrahl0,253-307-0183,cgrahl0@boston.com,TRUE,Leyla,Hassan,2268 Starling Court,Maine,2024-05-25,2025-01-25
pwauchope55,400-129-2799,rwauchope55@upenn.edu,TRUE,Colton,Armstrong,483 Dunning Drive,Austin,2024-05-30,2024-12-24
hdehailesd4,617-223-7793,wgiabuzzid4@nps.gov,TRUE,Luis,Kraus,46 Meadow Ridge Court,Santa Fe,2024-06-01,2025-01-12
wincognaib,804-706-7064,fincognaib@who.int,FALSE,Hunter,Hamilton,6329 Manitowish Place,Seattle,2024-06-01,2024-12-14
ljeandel7u,485-303-8384,ljeandel7u@pbs.org,FALSE,Maximus,Duke,8639 Mifflin Junction,Raleigh,2024-06-05,2025-05-05
rwelsbybp,,gwelsbybp@a8.net,FALSE,Ethan,Shelton,79522 Bluejay Place,San Francisco,2024-06-06,2025-06-22
wmartindalej,506-172-6311,rmartindalej@com.com,TRUE,Camila,Gray,2427 Warner Hill,Las Vegas,2024-06-07,2025-04-27
yslorach2r,516-264-7756,mslorach2r@icio.us,TRUE,Eden,Holloway,3 Crest Line Center,Austin,2024-06-12,2025-04-12
noffill93,890-247-9756,joffill93@reverbnation.com,TRUE,Jonah,Stevens,5 Dakota Center,Washington DC,2024-06-17,2025-11-05
ahiorn2n,834-143-9294,ehiorn2n@seattletimes.com,TRUE,Isla,Berry,20 Dwight Park,Austin,2024-06-22,2025-04-25
rsheehy76,555-125-2987,lsheehy76@histats.com,TRUE,Mateo,McCarthy,0 Darwin Way,Seattle,2024-06-22,2025-10-08
ochampkinia,589-577-4071,lchampkinia@sciencedirect.com,TRUE,Cameron,Ford,6897 Warbler Trail,Seattle,2024-06-27,2025-02-21
bbalinex,499-892-9946,hbalinex@tiny.cc,TRUE,Hannah,Bryant,075 Beilfuss Way,Austin,2024-06-28,2024-12-24
gconwelli4,442-878-6001,lconwelli4@1und1.de,TRUE,Evan,Foster,4328 Ludington Way,San Francisco,2024-06-30,2025-04-21
smeasomep,646-233-1423,hmeasomep@free.fr,FALSE,Christian,Tate,54290 Mallory Hill,Austin,2024-07-01,2025-10-10
dnovichenkoau,,onovichenkoau@storify.com,TRUE,Jace,Ward,1 Pennsylvania Court,San Francisco,2024-07-06,2025-06-23
tveregan6w,338-498-4414,lveregan6w@imdb.com,TRUE,Kingston,Shelton,19 Lakewood Road,San Francisco,2024-07-12,2025-06-15
aantonoviciw,,mantonoviciw@typepad.com,TRUE,Matthew,Shelton,204 Merry Way,San Francisco,2024-07-23,2025-08-02
wleach44,,dleach44@skype.com,TRUE,Wyatt,Jenkins,1756 Dryden Crossing,Boston,2024-08-04,2024-12-23
sskehensbc,829-490-4347,pskehensbc@chron.com,TRUE,Jonathan,Jenkins,3 Farwell Street,Boston,2024-08-05,2024-12-20
ghambleton7a,250-941-0170,ahambleton7a@youku.com,TRUE,Kaiden,Parks,5 Bellgrove Center,Seattle,2024-08-09,2025-11-16
nwestover8p,988-989-3316,fwestover8p@gnu.org,TRUE,Hudson,Hamilton,9007 Fordem Crossing,Seattle,2024-08-15,2025-01-29
bjespere4,813-330-9560,kjespere4@goo.ne.jp,TRUE,Ethan,Horton,63 Evergreen Crossing,San Francisco,2024-08-19,2025-04-23
swhelanbk,738-580-9681,mwhelanbk@netvibes.com,TRUE,Joshua,Little,9 Springs Drive,Washington DC,2024-08-20,2025-02-26
oyong15,403-187-8861,mfinnemore15@hud.gov,TRUE,Stella,Foster,405 Shasta Way,San Jose,2024-09-01,2025-05-16
rpie6p,751-649-9484,cbaud6p@bloglines.com,TRUE,Josiah,Stevens,15984 Portage Terrace,Washington DC,2024-09-03,2025-09-12
nbissett9z,735-585-2552,sbissett9z@deviantart.com,TRUE,James,Berry,54 Harbort Center,Washington DC,2024-10-15,2025-03-11
lvarsey3l,118-684-2973,lvarsey3l@reddit.com,TRUE,Oliver,Carter,80 Corry Alley,San Francisco,2024-10-16,2025-10-25
tdecourseyao,318-510-6395,wdecourseyao@rakuten.co.jp,TRUE,Owen,Barlow,66 Florence Parkway,Boise,2024-10-20,2025-02-21
emcconnal82,671-670-4305,rmcconnal82@unblog.fr,FALSE,Hector,Stuart,14 Mitchell Terrace,Dallas,2024-10-23,2025-11-15
coade86,598-676-8129,toade86@xinhuanet.com,FALSE,Gael,Krause,8 Reinke Center,Madison,2024-10-24,2025-06-10
aparell30,966-205-5814,mparell30@hhs.gov,TRUE,Nina,Caldwell,68799 3rd Pass,Minneapolis,2024-11-09,2025-11-24
jgullanbo,274-909-6902,jgullanbo@yahoo.co.jp,TRUE,Mason,Brady,3373 Hanson Point,San Jose,2024-11-11,2025-10-01
rmcguffogc9,989-951-0009,cmcguffogc9@ehow.com,TRUE,Nicholas,Lyons,028 Fisk Circle,Austin,2024-11-20,2025-11-17
vkeijser1e,565-597-7880,ekeijser1e@g.co,TRUE,Sadie,Graham,458 Toban Road,New York,2024-11-22,2025-06-09
rdeshorts36,833-164-8381,sdeshorts36@aboutads.info,TRUE,Blakely,Shannon,455 Spenser Terrace,San Diego,2024-11-25,2025-08-18
naugustushj,865-702-6377,kaugustushj@amazon.com,TRUE,Hunter,Harrington,7343 Marcy Parkway,Nashville,2024-11-26,2025-02-17
olowesja,252-477-8174,plowesja@fda.gov,FALSE,Elijah,Parks,,Seattle,2024-11-30,2025-03-30
mpreisti3,757-178-3364,qpreisti3@guardian.co.uk,TRUE,Asher,Powell,2981 Hagan Avenue,San Francisco,2024-12-01,2025-09-14
idevonishc3,,mdevonishc3@mozilla.org,FALSE,Lincoln,Parks,,Seattle,2024-12-03,2025-03-13
lilem91,100-246-0463,dilem91@stumbleupon.com,TRUE,David,Hoffman,392 North Trail,Austin,2024-12-09,2025-11-22
kmattussevich9v,592-392-9290,bmattussevich9v@live.com,TRUE,Matthew,Barker,66 Bluejay Lane,Austin,2024-12-15,2025-10-22
pbrumbye18,656-108-4995,gbrumbye18@weebly.com,FALSE,Leah,Bryant,6 Summit Parkway,San Francisco,2024-12-18,2025-07-02
dcordoba4p,881-193-8490,gcordoba4p@csmonitor.com,TRUE,Aaron,Johnston,36149 Anhalt Junction,New York,2024-12-23,2025-02-21
ychaytor7i,471-908-5471,vchaytor7i@harvard.edu,TRUE,Kayden,Tate,520 Springview Junction,Austin,2024-12-23,2025-07-12
bmemmory88,382-663-2840,dmemmory88@purevolume.com,FALSE,Cristian,Yates,031 Westerfield Lane,Charleston,2025-01-02,2025-10-30
vmcwilliam9t,559-424-9707,gmcwilliam9t@imdb.com,TRUE,Jackson,Chambers,02 Eagan Road,Boston,2025-01-19,2025-08-29
sbolzmannfc,811-801-6550,tbennionfc@census.gov,TRUE,Ethan,Estes,13819 Hollow Ridge Street,Bend,2025-01-19,2025-02-22
vblofield6s,171-363-8859,fblofield6s@fc2.com,TRUE,Miles,Jacobs,0 Dovetail Trail,Washington DC,2025-01-30,2025-08-31
pwhitington4z,853-182-7027,hwhitington4z@springer.com,TRUE,Elias,Allen,32 Lunder Junction,Boston,2025-02-01,2025-08-10
dstroband1j,239-677-0493,hstroband1j@surveymonkey.com,FALSE,Willow,Perry,5476 Old Shore Terrace,Seattle,2025-02-06,2025-01-15
pbrolechan25,339-607-6560,abrolechan25@ebay.co.uk,TRUE,Jade,Briggs,6 Moland Trail,San Francisco,2025-02-14,2025-07-02
ddrewsonin,437-179-8256,edrewsonin@wufoo.com,FALSE,Nathan,Hoffman,8743 Service Junction,Austin,2025-02-14,2024-11-26
lwindross9u,673-680-6606,ewindross9u@rambler.ru,TRUE,Isaiah,Lyons,0 Spaight Center,Austin,2025-02-16,2025-02-12
bnorville5g,599-251-4111,jnorville5g@businessinsider.com,TRUE,Ayden,Monroe,116 Kipling Place,Charlotte,2025-03-02,2025-03-18
mdonegandx,249-879-6268,sdonegandx@vistaprint.com,TRUE,Andrew,Barrett,108 Starling Alley,Washington DC,2025-03-05,2025-03-23
mjakaway6o,144-469-6652,rjakaway6o@msn.com,TRUE,Emmett,Riley,00 Mcbride Terrace,Austin,2025-03-07,2025-02-15
gyansonsi8,688-573-3571,cyansonsi8@dyndns.org,TRUE,Isaac,Barnes,2 Talmadge Lane,New York,2025-03-10,2025-03-29
icrocroft23,183-794-1082,rcrocroft23@army.mil,FALSE,Paisley,Griffin,2 Montana Pass,San Francisco,2025-03-20,2024-12-17
gjordansonig,,pjordansonig@de.vu,FALSE,Caleb,Peters,9086 Victoria Terrace,Boston,2025-03-20,2025-02-23
jmargetts41,443-217-3131,emargetts41@drupal.org,TRUE,Asher,Peters,135 Lakewood Alley,Boston,2025-03-23,2025-01-20
racedod7,140-212-2578,pacedod7@vkontakte.ru,TRUE,Axel,Carter,,San Francisco,2025-03-24,2025-05-15
csnalham38,,msnalham38@admin.ch,TRUE,Cassidy,Herring,,Atlanta,2025-03-27,2025-01-19
bnewellbw,451-112-9061,bnewellbw@google.ru,FALSE,Levi,Briggs,6 Reinke Trail,New York,2025-04-04,2025-07-06
kmountney90,924-204-5178,mmountney90@joomla.org,TRUE,Eli,Lane,4928 Jenifer Circle,Austin,2025-04-18,2025-03-24
ttoopeda,652-155-1513,btoopeda@pbs.org,FALSE,Caden,Powell,800 Sauthoff Plaza,San Francisco,2025-04-18,2025-04-17
eyveng6,625-917-8341,syveng6@msu.edu,FALSE,Liam,Stone,0 Parkside Alley,Austin,2025-04-19,2025-05-12
pdunnettcx,887-239-0286,adunnettcx@independent.co.uk,TRUE,Damian,French,834 Sauthoff Center,Burlington,2025-04-22,2025-07-13
goliviem,462-108-1955,uoliviem@networkadvertising.org,FALSE,Isaac,Chambers,20464 Esch Hill,Boston,2025-05-15,2025-05-25
phenriedu,268-544-8773,nhenriedu@craigslist.org,FALSE,David,Hoffman,8 Knutson Way,Austin,2025-05-21,2025-08-26
mgouldbourn65,651-271-2837,igouldbourn65@yahoo.co.jp,TRUE,Leo,Bryant,7 Kings Place,New York,2025-05-23,2025-04-20
ecrothersfg,981-836-9314,scrothersfg@chronoengine.com,TRUE,Lucas,Sanford,6 Pennsylvania Road,Des Moines,2025-06-08,2025-10-19
rvizeft,290-439-1669,mvizeft@wp.com,TRUE,Lucas,Hayes,,New York,2025-06-10,2025-05-29
pbrackstoneho,651-294-7201,jbrackstoneho@sbwire.com,TRUE,Lucas,Stuart,996 Commercial Plaza,Dallas,2025-06-11,2025-11-16
ehoggandm,603-493-1100,nhoggandm@cbc.ca,TRUE,Eli,Porter,,Boston,2025-06-21,2025-10-09
acandeyeu,194-738-0665,rcandeyeu@dailymotion.com,FALSE,Samuel,Cross,2962 Miller Junction,Washington DC,2025-06-28,2025-10-26
emckeeversfk,467-277-3197,jmckeeversfk@latimes.com,TRUE,Alexander,Henson,131 Dahle Terrace,Spokane,2025-07-01,2025-03-24
svedyashkin8k,763-666-4452,jvedyashkin8k@phoca.cz,FALSE,Declan,Rivera,88216 Debs Hill,New York,2025-07-09,2025-08-02
bbullan6q,659-342-5901,tbullan6q@google.com,TRUE,Elias,Barrett,47 Gateway Alley,Washington DC,2025-07-11,2025-08-05
ddownham56,429-417-2905,kdownham56@wsj.com,TRUE,Roman,Berry,7 Debs Place,Washington DC,2025-07-20,2025-11-17
uaddicoted5,872-536-5699,eaddicoted5@washingtonpost.com,TRUE,Leo,McKnight,06732 Bowman Lane,Richmond,2025-07-20,2024-12-14
epetworth9a,942-259-5692,wpetworth9a@chronoengine.com,TRUE,Elias,Shelton,4 Fair Oaks Road,San Francisco,2025-07-29,2025-02-12
pryriej5,348-704-8839,mryriej5@tinyurl.com,FALSE,Michael,Madden,4998 Fairview Drive,New York,2025-07-30,2025-10-20
krowen1l,730-113-8773,krowen1l@ask.com,FALSE,Kinsley,Jenkins,,Seattle,2025-08-02,2025-01-25
warnholdtdr,971-233-2610,harnholdtdr@123-reg.co.uk,TRUE,Michael,Stone,2 Anderson Hill,Austin,2025-08-02,2025-10-01
fgeldeford81,,mgeldeford81@sitemeter.com,FALSE,Ezekiel,Vaughn,36 Crescent Oaks Circle,Atlanta,2025-08-03,2025-01-21
bkingsmillie,993-216-8685,jkingsmillie@etsy.com,FALSE,Mason,Wallace,13 Hauk Place,Seattle,2025-08-03,2025-11-17
atrytsmancd,249-161-6323,rtrytsmancd@163.com,TRUE,Isaiah,Armstrong,89732 Prairie Rose Circle,Austin,2025-08-10,2025-02-07
twalenta48,659-366-7502,lwalenta48@sbwire.com,TRUE,Eli,Hoffman,9 Mockingbird Place,Austin,2025-08-11,2025-10-12
ajapp4s,488-612-5206,sjapp4s@cbc.ca,FALSE,Ezra,Pope,56 Algoma Trail,Seattle,2025-08-28,2025-01-25
dvampouille3v,670-247-0609,gvampouille3v@scientificamerican.com,TRUE,Michael,Ford,7 Blaine Lane,Seattle,2025-09-02,2025-09-13
rocahsedym,649-401-7779,aocahsedym@sohu.com,TRUE,Scarlett,Powell,43 Bultman Hill,Seattle,2025-09-03,2025-10-09
kbrumhame2,420-508-0663,ibrumhame2@walmart.com,FALSE,Liam,Brady,958 Bashford Plaza,San Jose,2025-09-03,2025-08-26
kwhiskerd1y,909-386-0795,agrayer1y@answers.com,FALSE,Madeline,Shelton,4245 Bunker Hill Street,Washington DC,2025-09-06,2025-07-27
vfacey98,151-738-4761,cetteridge98@instagram.com,TRUE,Dominic,Burke,90 Myrtle Way,San Jose,2025-09-06,2025-06-02
gworsom3y,958-850-1858,lworsom3y@wufoo.com,TRUE,Lucas,Sullivan,11872 Graedel Way,Seattle,2025-09-16,2025-05-23
lbiaggioli77,351-616-8530,kgaveltone77@ovh.net,TRUE,Sawyer,Pope,53996 Mayfield Circle,Seattle,2025-09-23,2024-12-07
ufontelcb,344-729-9935,tfontelcb@buzzfeed.com,TRUE,Hunter,Tate,813 Anniversary Lane,Austin,2025-09-30,2025-09-09
koverellga,502-100-4723,ioverellga@google.co.uk,FALSE,Mason,Riley,588 Loftsgordon Junction,Austin,2025-10-04,2025-02-17
gnance3p,,knance3p@guardian.co.uk,TRUE,Mateo,Foster,0 Hermina Avenue,San Francisco,2025-10-21,2025-04-29
clindemann4v,186-591-9723,dlindemann4v@yale.edu,FALSE,Ian,Parks,7629 Aberg Court,Seattle,2025-10-21,2025-08-18
pdundonbz,308-997-5450,cdundonbz@mac.com,FALSE,Jayden,McCarthy,4029 Susan Lane,Seattle,2025-10-27,2025-05-01
drossonbl,,arossonbl@livejournal.com,TRUE,Henry,Jacobs,3330 Schurz Hill,Washington DC,2025-10-28,2025-01-13
ggrugerr8r,699-118-9234,bpostill8r@themeforest.net,TRUE,Leo,Sullivan,22602 Novick Avenue,Seattle,2025-11-07,2025-02-03
mhendrickxbm,,bhendrickxbm@com.com,TRUE,William,Baldwin,136 Butternut Pass,Washington DC,2025-11-08,2025-09-07
iboate5b,750-103-2228,gboate5b@hp.com,TRUE,Xavier,Baxter,64 Shoshone Trail,San Jose,2025-11-09,2025-01-28
hstampr,315-175-4523,mstampr@census.gov,TRUE,Penelope,Adams,82 Burning Wood Street,Boston,2025-11-11,2025-06-04
tspurryeraj,212-282-4093,lspurryeraj@imdb.com,FALSE,Alexander,Estes,82 Pawling Lane,Bend,2025-11-19,2025-09-21
eosburni2,309-606-3355,cosburni2@go.com,TRUE,Leo,Brooks,4 Shasta Trail,San Francisco,2025-11-20,2025-09-18
