p_id,name,category,owned_by,est_value,status
151879,Chippendale Mahogany Chair Set,Antique Furniture,XxMrMelonxX,90000,listed
501342, Lincoln Head Copper Penny,Collectible Coins,XxMrMelonxX,255000,listed
110345,"Hermès Birkin Bag (Crocodile, 35cm)",Designer Fashion,vanilla_coke,33000,listed
214320,Gucci Jackie Bag (Vintage),Designer Fashion,Jim_Business,16000,withdrawn
732499,Frida Kahlo Self-Portrait Sketch,Fine Art,lizardman,85000,in_escrow
986603,Princess Diana's Revenge Dress (Replica),Haute Couture,,165155,sold
535322,Dior Gala Vintage Dress,Haute Couture,,19645,sold
938790,Ancient Roman Gladius Sword,Historical Artifacts,,286539,sold
878470,McLaren P1 GTR,Luxury Vehicles,,5398574,sold
823173,Aston Martin DB5 from James Bond Films,Luxury Vehicles,,4638572,sold
182438,Steinway & Sons Concert Grand Piano,Musical Instruments,,249483,sold
145104,Original Marilyn Monroe Film Costume,Other,XxMrMelonxX,166025,sold
132849,Meteorite Fragment (Martian),Other,XxMrMelonxX,182441,sold
486668,Frida Kahlo's Paint-Stained Easel,Other,vanilla_coke,630777,sold
565145,Original Dune Manuscript by Frank Herbert,Rare Books & Manuscripts,Jim_Business,1219390,sold
939534,Dom Pérignon 1921,Vintage Wine & Spirits,lizardman,76108,sold
101751,O'Keeffe Desert Flower Painting,Fine Art,,841869,sold
106915,Hockney Swimming Pool Painting,Fine Art,,5380397,sold
110645,Steve Jobs' Mercedes SL55 AMG,Luxury Vehicles,,519253,sold
117100,Tesla's Original Circuit Diagram,Historical Artifacts,,757338,sold
120879,Spirit of St. Louis Propeller Blade,Other,,796137,sold
124947,Dickens' Original Christmas Carol,Rare Books & Manuscripts,,1289393,sold
127119,Columbus' Ship Log Page,Other,,4528989,sold
130552,Alice in Wonderland First Edition,Rare Books & Manuscripts,,417646,sold
131404,Magellan's Navigation Tools,Other,,1108507,sold
133715,Lincoln's Top Hat,Other,,3557208,sold
148885,Cleopatra's Golden Sandal,Other,,1500263,sold
151137,Wright Flyer Wood Fragment,Other,,344665,sold
154907,Basquiat Crown Painting,Fine Art,,545710,sold
154982,Pelé's 1970 World Cup Jersey,Other,,621571,sold
163073,Curie's Radiation Badge,Other,,1003676,sold
165070,Jimi Hendrix's Woodstock Stratocaster,Musical Instruments,,5407320,sold
167367,Edgar Allan Poe's 'The Raven' Manuscript,Rare Books & Manuscripts,,1340185,sold
171067,Florence Nightingale's Medical Kit,Other,,286538,sold
180812,Bonnie Parker's Pistol,Other,,402331,sold
184265,Ming Dynasty Dragon Throne Chair,Antique Furniture,,2259336,sold
189233,Julius Caesar Silver Denarius,Collectible Coins,XxMrMelonxX,201952,sold
192439,Wright Brothers' Plane Blueprint,Historical Artifacts,XxMrMelonxX,1226904,sold
206993,Elizabeth Taylor's Diamond Brooch,Jewelry,vanilla_coke,498635,sold
208242,Amelia Earhart's Flight Goggles,Other,Jim_Business,701315,sold
212931,Keith Haring Original Mural Sketch,Fine Art,lizardman,548770,sold
213897,Elton John's Platform Shoes,Designer Fashion,,78444,sold
227930,Chief Joseph's Headdress,Other,,1940050,sold
228268,Darth Vader's Helmet (Original),Other,,2554510,sold
241096,Newton's Apple Tree Branch,Other,,122738,sold
241618,Rembrandt Etching 'The Three Crosses',Fine Art,,1488211,sold
253238,Château Margaux 1787 (Jefferson Bottle),Vintage Wine & Spirits,,654083,sold
273988,Genghis Khan's Sword,Other,,1606967,sold
289452,Tom Brady's Super Bowl Football,Other,,715475,sold
294959,Sacagawea's Beaded Pouch,Other,,439097,sold
302560,Audrey Hepburn's Givenchy Hat,Designer Fashion,lizardman,81800,sold
309190,Brasher Doubloon 1787,Collectible Coins,XxMrMelonxX,11128759,sold
313146,Queen Anne Walnut Bureau,Antique Furniture,vanilla_coke,249349,sold
318287,Copernicus' Star Chart,Other,Jim_Business,1373258,sold
335024,Blackbeard's Pistol,Other,lizardman,746635,sold
335038,Vivien Leigh's Gone with the Wind Dress,Haute Couture,,982231,sold
335860,Buffalo Bill's Show Poster (Original),Other,,114104,sold
353033,Galileo's Telescope Lens,Other,,2012709,sold
369328,Elizabeth Taylor's Cleopatra Gown,Haute Couture,,307433,sold
378209,Imperial Russian Sapphire Parure,Jewelry,,1277056,sold
381280,Edward VIII Sovereign (Unissued),Collectible Coins,,1092145,sold
384951,Napoleon's Campaign Bed,Antique Furniture,,905054,sold
396273,Jesse James' Revolver,Other,XxMrMelonxX,872309,sold
398941,Van Gogh's Easel,Other,XxMrMelonxX,2372534,sold
400716,Sitting Bull's Peace Pipe,Other,vanilla_coke,1148750,sold
417459,Joan of Arc's Armor Piece,Other,Jim_Business,1340095,sold
450010,Kandinsky Abstract Composition,Fine Art,lizardman,1543464,sold
451095,Mark Twain's Handwritten Novel,Rare Books & Manuscripts,,1015289,sold
451168,Anne Frank's Diary Page,Historical Artifacts,,1431124,sold
454129,Pol Roger 1874 Champagne,Vintage Wine & Spirits,,100671,sold
457062,Marlene Dietrich's Tuxedo Suit,Haute Couture,,239865,sold
457352,Matisse Paper Cut-Out,Fine Art,,817418,sold
457715,Alexander the Great Gold Stater,Collectible Coins,,349975,sold
459696,Roger Federer's Wimbledon Racket,Other,,227541,sold
460260,Mozart's Harpsichord,Musical Instruments,,4939468,sold
469008,Gettysburg Address Draft,Historical Artifacts,,6201708,sold
472308,Björk's Swan Dress,Designer Fashion,,105866,sold
473781,Einstein's Pipe,Other,,184647,sold
474997,Beethoven's Piano,Other,,4682059,sold
476093,Usain Bolt's Olympic Gold Medal,Other,,685429,sold
479417,Magic Johnson's Lakers Championship Ring,Other,,262708,sold
486387,Highland Park 50 Year Whisky,Vintage Wine & Spirits,,320226,sold
486418,Indiana Jones' Whip Prop,Other,,435136,sold
487743,Marie Antoinette's Lock of Hair,Other,,84170,sold
495794,Cher's Bob Mackie Gown,Designer Fashion,,127980,sold
499072,Harry Potter's Wand Prop,Other,,333608,sold
506017,Napoleon's Personal Cognac Reserve,Vintage Wine & Spirits,,330258,sold
506486,Marie Curie's Laboratory Notebook,Historical Artifacts,,1002432,sold
507285,Iron Man Suit (MCU),Other,,762686,sold
510195,Moon Landing Flag from Apollo 15,Historical Artifacts,,4715819,sold
517511,Art Deco Émile-Jacques Ruhlmann Cabinet,Antique Furniture,,712430,sold
517582,JFK's Omega Ultra Thin,Watches,,363871,sold
549848,Prince's Yellow Cloud Guitar,Musical Instruments,,816280,sold
551556,Ancient Egyptian Gold Collar,Jewelry,,1150090,sold
554243,Prince's Purple Rain Outfit,Designer Fashion,,320457,sold
555363,Lady Gaga's Meat Dress (Preserved),Designer Fashion,,120046,sold
571569,Miles Davis' Trumpet,Musical Instruments,,1168563,sold
588162,Batman's Batmobile (1989),Other,,7711138,sold
595463,Tolkien's Hobbit Manuscript,Rare Books & Manuscripts,,2677735,sold
607313,John Lennon's Rolls-Royce Phantom,Luxury Vehicles,,2822461,sold
620574,Rosetta Stone Cast (Original Mold),Other,,630254,sold
624785,Wayne Gretzky's Rookie Card (PSA 10),Other,,4233494,sold
634843,Churchill's Signed War Dispatch,Historical Artifacts,,375139,sold
635353,Wyatt Earp's Badge,Other,,959650,sold
639722,Ella Fitzgerald's Microphone,Musical Instruments,,138005,sold
640535,Wild Bill Hickok's Poker Hand (Dead Man's Hand Cards),Other,,469547,sold
646927,Bob Dylan's Newport Folk Festival Guitar,Musical Instruments,,1491948,sold
647010,Cleopatra's Pearl Earring (Replica),Jewelry,,122113,sold
657839,James Dean's Porsche 550 Spyder,Luxury Vehicles,,6001020,sold
661098,Dead Sea Scrolls Fragment,Other,,5472614,sold
662248,Dali Surrealist Lithograph,Fine Art,,267083,sold
662435,Frank Sinatra's Dual-Ghia,Luxury Vehicles,,648490,sold
668236,Gutenberg Bible Single Page,Other,,1291669,sold
671433,Chuck Yeager's Flight Suit,Other,,426433,sold
671953,Marie Antoinette's Writing Desk,Antique Furniture,,1085829,sold
687711,Al Capone's Fedora Hat,Other,,282258,sold
697882,Frank Lloyd Wright Dining Table,Antique Furniture,,328683,sold
699283,First Bitcoin Mining Computer,Other,,3841920,sold
702887,Concorde Nose Cone Section,Other,,1203557,sold
708283,Martin Luther King Jr.'s Speech Notes,Other,,1872395,sold
717920,Château d'Yquem 1811,Vintage Wine & Spirits,,151646,sold
726628,Caravaggio School Portrait,Fine Art,,2146542,sold
730604,Gandhi's Walking Staff,Other,,1590031,sold
736547,Shakespeare's Quill Pen,Other,,4883770,sold
739370,Marilyn Monroe's Subway Grate Dress,Haute Couture,,8267610,sold
760201,Glenfiddich 1937 Single Malt,Vintage Wine & Spirits,,225156,sold
769831,1937 Bugatti Type 57SC Atlantic,Luxury Vehicles,,51602044,sold
778256,Hubble Telescope Mirror Fragment,Other,,1757662,sold
788089,Marco Polo's Compass,Other,,2346990,sold
790040,Original Magna Carta Fragment,Historical Artifacts,,4213563,sold
799545,Maharaja's Emerald Necklace,Jewelry,,982382,sold
800917,John Lennon's Steinway Piano,Musical Instruments,,4266075,sold
800941,Winston Churchill's Pocket Watch,Watches,,546357,sold
801246,Virginia Woolf's Personal Diary,Rare Books & Manuscripts,,421091,sold
806498,Leonardo da Vinci's Sketch Book Page,Other,,10162964,sold
818103,Andy Warhol's Cartier Tank,Watches,,163185,sold
821409,Picasso's Paint Palette,Other,,915669,sold
824008,Sputnik Satellite Component,Other,,1175332,sold
829580,Tiger Woods' 1997 Masters Trophy,Other,,1574848,sold
840652,SpaceX Dragon Capsule Heat Shield,Other,,1204460,sold
861085,Rosa Parks' Bus Ticket,Historical Artifacts,,158819,sold
865297,Hemingway's Typewriter,Other,,569315,sold
866048,Josephine Baker's Banana Skirt,Haute Couture,,98699,sold
866267,Lewis & Clark's Journal,Other,,2111074,sold
866740,Geronimo's War Lance,Other,,982098,sold
888162,Bonnie & Clyde's Death Car,Luxury Vehicles,,896273,sold
898696,Hawking's Wheelchair,Other,,1392419,sold
901308,Elvis Presley's Pink Cadillac,Luxury Vehicles,,2341207,sold
906139,Art Deco Cartier Panther Bracelet,Jewelry,,560073,sold
906309,Rothko Color Field Study,Fine Art,,1079501,sold
924261,Annie Oakley's Rifle,Other,,694263,sold
924264,Grace Kelly's Wedding Dress Replica,Haute Couture,,608100,sold
928450,Grace Kelly's Engagement Ring Replica,Jewelry,,432988,sold
932347,Babe Ruth's 'Called Shot' Baseball,Other,,1310075,sold
936520,Darwin's Specimen Collection Box,Other,,508168,sold
937695,Madonna's Jean Paul Gaultier Cone Bra,Designer Fashion,,120642,sold
946593,Alan Turing's Enigma Machine,Other,,3592000,sold
948318,Queen Elizabeth I Gold Crown,Collectible Coins,,521012,sold
948652,Steve McQueen's Heuer Monaco,Watches,,183289,sold
959625,E.T. Animatronic Model,Other,,907578,sold
961166,Queen Victoria's Mourning Jewelry,Jewelry,,194031,sold
964820,Byron's Handwritten Poetry Book,Rare Books & Manuscripts,,1093892,sold
973999,Buzz Aldrin's Speedmaster,Watches,,2591796,sold
981694,Original iPhone Launch Keynote Prototype,Other,,645051,sold
982508,Kobe Bryant's Final Game Jersey,Other,,1243567,sold
997928,Dorothy's Ruby Slippers (Wizard of Oz),Other,,4378754,sold
190665,Bugatti Veyron Super Sport,Luxury Vehicles,,3408792,reserved
496864,Penfolds Grange 1951,Vintage Wine & Spirits,,105086,reserved
707887,Dom Pérignon 1921,Vintage Wine & Spirits,,48727,reserved
293998,Classical Boston Mahogany Sofa,Antique Furniture,,139948,pending
985971,Art Nouveau Tiffany Desk Lamp,Antique Furniture,,92077,pending
124899,Titanic First Class Dinner Menu,Historical Artifacts,,111685,pending
178756,Neil Armstrong's Apollo 11 Flight Suit,Historical Artifacts,,4411369,pending
437052,Napoleon's Personal Writing Desk,Historical Artifacts,,1407314,pending
129123,Medieval Knight's Helmet,Historical Artifacts,,125817,pending
229069,John F Kennedy's Handwritten Letter,Historical Artifacts,,462406,pending
718310,Victorian Diamond Brooch,Jewelry,,53414,pending
821431,Steve Jobs' Original iPhone Prototype,Other,,231485,pending
395828,Beatles' Original Abbey Road Master Tape,Other,,696913,pending
755279,Regency Period Secretary Desk,Antique Furniture,,82089,listed
361508,Chinese Sycee Silver Ingot,Collectible Coins,,68219,listed
599255,1933 Double Eagle Gold Coin,Collectible Coins,,9420502,listed
461022,1913 Liberty Head Nickel,Collectible Coins,,4346778,listed
544539,1794 Flowing Hair Silver Dollar,Collectible Coins,,11126515,listed
212050,Louis Vuitton Trunk (1920s),Designer Fashion,,73166,listed
836859,Jackie Kennedy's Pillbox Hat,Designer Fashion,,763412,listed
655228,David Bowie's Ziggy Stardust Platform Boots,Designer Fashion,,140087,listed
978523,Chanel Vintage Quilted Handbag,Designer Fashion,,14267,listed
173568,Renaissance Portrait by Unknown Master,Fine Art,,881913,listed
222674,Monet Water Lilies Study,Fine Art,,2830190,listed
593224,Frida Kahlo Self-Portrait Sketch,Fine Art,,859942,listed
454039,Baroque Sculpture by Unknown Master,Fine Art,,940552,listed
326398,Schiaparelli Lobster Dress,Haute Couture,,151285,listed
933605,Marilyn Monroe's Seven Year Itch Dress,Haute Couture,,2649975,listed
933443,Elie Saab Beaded Gown,Haute Couture,,23072,listed
153587,Lincoln's Handwritten Letter,Historical Artifacts,,799665,listed
142372,Laika the Space Dog's Paw Print Cast,Historical Artifacts,,686957,listed
362804,Egyptian Alabaster Shabti,Historical Artifacts,,113373,listed
543049,Civil War Confederate Flag,Historical Artifacts,,124142,listed
183625,Victorian Ruby Brooch,Jewelry,,80755,listed
268224,Harry Winston Sapphire Pendant,Jewelry,,464735,listed
622750,Edwardian Diamond Tiara,Jewelry,,331332,listed
254149,Bvlgari Serpenti Watch,Jewelry,,100367,listed
101876,Audrey Hepburn's Breakfast at Tiffany's Tiara,Jewelry,,299171,listed
657154,Art Deco Emerald Earrings,Jewelry,,168434,listed
506071,1962 Ferrari 250 GTO,Luxury Vehicles,,45118973,listed
531537,Stradivarius Violin 'Lady Blunt',Musical Instruments,,17549087,listed
758580,Martin D-45 Acoustic Guitar (1939),Musical Instruments,,158519,listed
954216,Kurt Cobain's MTV Unplugged Guitar,Musical Instruments,,8503431,listed
363434,Space Shuttle Heat Shield Tile,Other,,57478,listed
873221,Original Star Wars R2-D2 Filming Model,Other,,1994763,listed
230476,Original Star Wars Lightsaber Prop,Other,,405433,listed
203872,Moon Rock Sample (Apollo 17),Other,,4826170,listed
315902,Michael Jordan's 1998 Finals Game-Worn Jersey,Other,,1071437,listed
374894,First Apple Computer (Apple-1),Other,,527255,listed
134959,Fabergé Imperial Egg Replica,Other,,422713,listed
497920,Gutenberg Bible Leaf,Rare Books & Manuscripts,,159593,listed
557307,First Edition 'Pride and Prejudice',Rare Books & Manuscripts,,282346,listed
488048,Darwin's 'Origin of Species' Signed,Rare Books & Manuscripts,,589883,listed
732672,Macallan 1926 Single Malt Whisky,Vintage Wine & Spirits,,2019895,listed
225749,Dalmore 62 Year Old Single Malt,Vintage Wine & Spirits,,283959,listed
474812,Château Lafite Rothschild 1869,Vintage Wine & Spirits,,349392,listed
385488,Omega Speedmaster Moon Watch (1969),Watches,,74964,listed
491455,Ming Dynasty Scholar's Table,Antique Furniture,,391043,expired
729771,Timothée Chalamet's Dune Premiere Hat,Designer Fashion,,29298,expired
168508,Christian Lacroix Couture Ensemble,Haute Couture,,55216,expired
614579,Amati Cello (17th Century),Musical Instruments,,1477781,expired
950391,Muhammad Ali's Boxing Gloves (Thrilla in Manila),Other,,632910,expired
943301,Einstein's Handwritten Relativity Equations,Rare Books & Manuscripts,,1426011,expired
575498,Elvis Presley's Stage-Worn Jumpsuit,Designer Fashion,,384379,draft
292651,Banksy 'Girl with Balloon' Print,Fine Art,,123540,draft
838492,Vintage Selmer Mark VI Saxophone,Musical Instruments,,28060,draft
796477,Romanée-Conti Grand Cru 1945,Vintage Wine & Spirits,,870015,draft
586787,Cognac Croizet 1858,Vintage Wine & Spirits,,146158,draft
999468,Ancient Greek Dekadrachm,Collectible Coins,,294845,canceled
581684,Givenchy Audrey Hepburn Dress,Haute Couture,,135140,canceled
891293,Chanel Couture Tweed Suit (1960s),Haute Couture,,94215,canceled
288117,Egyptian Scarab Amulet (1500 BC),Historical Artifacts,,175120,canceled
792477,Porsche 911 Turbo S (Limited Edition),Luxury Vehicles,,370916,canceled
726903,1959 Gibson Les Paul Sunburst,Musical Instruments,,551953,canceled
941846,Serena Williams' Childhood Tennis Racquet,Other,,82771,canceled
267460,Medieval Illuminated Manuscript,Rare Books & Manuscripts,,496068,canceled
