t_id,vendor,buyer,prod_id,date_time,price,validated_by,status
1,Jim_Business,XxMrMelonxX,151879,2024-07-11,2,41378877,completed
2,Jim_Business,Jim_Business,214320,2024-11-20,4,41651199,completed
3,CANTSPOTUS,lizardman,732499,2023-12-09,200000,41378877,in_escrow
4,CANTSPOTUS,lizardman,214320,2023-01-09,1,41655533,cancelled
5,lizardman,Jim_Business,214320,2023-12-09,14649,41651199,pending
6,XxMrMelonxX,jasonclang,501342,2023-05-28,1286004.5,41655533,rejected
7,drossonbl,ztavnerc4,866740,2014-02-10,100890000,41378877,rejected
8,eosburni2,ztavnerc4,476093,2014-02-22,65290000,41378877,pending
9,sratledge2u,eosburni2,801246,2014-03-01,43580000,41378877,cancelled
10,XxMrMelonxX,XxMrMelonxX,124899,2023-12-09,200000,41655533,rejected
11,mciccettifq,rleeson26,460260,2014-09-21,513080000,41378877,cancelled
12,drossonbl,drossonbl,708283,2014-10-16,178630000,41378877,pending
13,drossonbl,rleeson26,687711,2015-03-21,27380000,41378877,in_escrow
14,rshovelton9e,rleeson26,289452,2015-04-25,70010000,42085670,cancelled
15,dcobden31,mciccettifq,959625,2015-06-04,91510000,42085670,completed
16,rleeson26,sratledge2u,192439,2015-07-19,119380000,41378877,rejected
17,rleeson26,mciccettifq,829580,2015-09-03,165020000,42085670,in_escrow
18,drossonbl,mciccettifq,124947,2015-11-04,129080000,41378877,completed
19,mciccettifq,rleeson26,661098,2015-12-02,567520000,42225432,rejected
20,rshovelton9e,rleeson26,866267,2016-04-01,200570000,41378877,rejected
21,drossonbl,umothersdale6n,459696,2016-09-18,22920000,42225432,cancelled
22,rleeson26,mciccettifq,451095,2016-09-23,102950000,42085670,cancelled
23,mciccettifq,rleeson26,127119,2016-11-02,430870000,42481098,rejected
24,mciccettifq,mciccettifq,878470,2016-12-18,533080000,41378877,pending
25,drossonbl,mciccettifq,906309,2017-05-20,109700000,42481098,pending
26,rleeson26,mciccettifq,309190,2017-07-10,1091400000,42225432,pending
27,rleeson26,umothersdale6n,634843,2017-08-07,38510000,42085670,rejected
28,rshovelton9e,rleeson26,861085,2017-09-20,15220000,41378877,completed
29,rshovelton9e,rleeson26,171067,2017-12-18,28980000,41378877,in_escrow
30,rleeson26,rleeson26,396273,2018-02-25,85330000,42085670,in_escrow
31,mciccettifq,sratledge2u,657839,2018-05-03,611900000,42481098,rejected
32,mciccettifq,sratledge2u,937695,2018-08-27,11830000,42085670,completed
33,rleeson26,mciccettifq,840652,2018-09-04,119740000,43066543,pending
34,rshovelton9e,eosburni2,457062,2018-09-24,23790000,41378877,pending
35,mbrennen2e,rleeson26,936520,2018-09-25,51170000,43066543,completed
36,umothersdale6n,rleeson26,212931,2018-10-24,56970000,41378877,pending
37,drossonbl,rleeson26,227930,2018-12-20,191840000,42481098,completed
38,rshovelton9e,rleeson26,507285,2019-02-04,78140000,41378877,rejected
39,drossonbl,sratledge2u,457715,2019-02-28,35390000,42225432,completed
40,dcobden31,drossonbl,208242,2019-04-17,72440000,42085670,completed
41,rshovelton9e,aedsall1o,866048,2019-05-01,9810000,42085670,completed
42,mciccettifq,umothersdale6n,506017,2019-05-11,34030000,42085670,pending
43,rshovelton9e,sratledge2u,865297,2019-07-01,55140000,41378877,cancelled
44,drossonbl,sratledge2u,417459,2019-07-16,129780000,42085670,rejected
45,rshovelton9e,mciccettifq,928450,2019-08-05,42860000,41378877,completed
46,drossonbl,mciccettifq,607313,2019-09-04,290740000,42481098,completed
47,drossonbl,drossonbl,369328,2019-11-14,30500000,42225432,rejected
48,umothersdale6n,drossonbl,981694,2019-12-19,65540000,42085670,completed
49,drossonbl,rleeson26,495794,2019-12-22,12890000,43066543,cancelled
50,dcobden31,dcobden31,800941,2019-12-24,56360000,42225432,rejected
51,sratledge2u,drossonbl,110345,2020-01-03,32720000,42085670,completed
52,mciccettifq,sratledge2u,335038,2020-01-15,99310000,42225432,completed
53,rleeson26,mciccettifq,120879,2020-01-28,79340000,42225432,in_escrow
54,drossonbl,umothersdale6n,253238,2020-03-13,64660000,42481098,completed
55,umothersdale6n,rleeson26,668236,2020-04-07,122880000,42225432,rejected
56,drossonbl,umothersdale6n,180812,2020-04-08,41280000,42085670,completed
57,rleeson26,drossonbl,821409,2020-04-10,91870000,42225432,rejected
58,rshovelton9e,mciccettifq,101751,2020-04-19,85850000,43066543,completed
59,dcobden31,dcobden31,788089,2020-04-24,245690000,42225432,pending
60,umothersdale6n,mciccettifq,799545,2020-05-08,99630000,42481098,in_escrow
61,mciccettifq,mciccettifq,131404,2020-05-14,112890000,42085670,in_escrow
62,mciccettifq,ztavnerc4,398941,2020-06-25,226470000,42481098,pending
63,rleeson26,mciccettifq,535322,2020-07-04,1920000,42481098,in_escrow
64,rleeson26,ztavnerc4,213897,2020-07-24,7470000,42225432,in_escrow
65,rshovelton9e,rleeson26,302560,2020-09-03,7950000,42085670,completed
66,mciccettifq,mciccettifq,294959,2020-10-16,41850000,42225432,completed
67,dcobden31,ztavnerc4,479417,2020-11-11,25560000,42085670,in_escrow
68,rleeson26,dcobden31,647010,2020-11-14,12280000,42225432,rejected
69,rshovelton9e,mciccettifq,938790,2020-12-15,27390000,43066543,pending
70,mciccettifq,rleeson26,163073,2020-12-16,99010000,42225432,in_escrow
71,sratledge2u,rleeson26,699283,2020-12-25,369500000,42085670,cancelled
72,drossonbl,mciccettifq,510195,2021-01-02,454710000,42085670,completed
73,drossonbl,ztavnerc4,939534,2021-01-26,7640000,42481098,pending
74,mciccettifq,mciccettifq,182438,2021-02-13,25610000,42481098,cancelled
75,rleeson26,drossonbl,671433,2021-03-16,41850000,42225432,completed
76,sratledge2u,ztavnerc4,549848,2021-03-26,82590000,42085670,cancelled
77,dcobden31,rleeson26,901308,2021-04-06,224410000,42085670,cancelled
78,rleeson26,aedsall1o,228268,2021-05-15,255520000,43066543,in_escrow
79,drossonbl,mciccettifq,145104,2021-06-12,17030000,42481098,rejected
80,rleeson26,rleeson26,151137,2021-06-25,35720000,42085670,completed
81,drossonbl,drossonbl,769831,2021-06-26,4954490000,42481098,completed
82,rleeson26,ztavnerc4,624785,2021-07-13,423700000,43066543,rejected
83,rleeson26,umothersdale6n,241618,2021-07-16,150530000,43066543,completed
84,mciccettifq,sratledge2u,487743,2021-07-22,8570000,42225432,completed
85,rshovelton9e,umothersdale6n,206993,2021-09-05,48780000,43066543,rejected
86,umothersdale6n,rleeson26,167367,2021-09-25,131740000,43066543,pending
87,umothersdale6n,ztavnerc4,472308,2021-10-09,10530000,43066543,completed
88,rleeson26,ztavnerc4,646927,2021-10-18,147920000,42085670,rejected
89,rshovelton9e,rleeson26,898696,2021-11-07,132980000,42085670,in_escrow
90,umothersdale6n,mciccettifq,571569,2021-11-09,112600000,42225432,cancelled
91,drossonbl,mciccettifq,165070,2021-11-16,560450000,43066543,rejected
92,drossonbl,ztavnerc4,946593,2021-11-27,349580000,42481098,completed
93,drossonbl,rleeson26,501342,2021-12-04,247450000,43066543,rejected
94,drossonbl,mciccettifq,400716,2021-12-15,112230000,42085670,rejected
95,mciccettifq,rleeson26,818103,2021-12-16,16060000,42481098,cancelled
96,rshovelton9e,mciccettifq,760201,2022-01-16,22460000,43066543,in_escrow
97,mciccettifq,mciccettifq,824008,2022-01-23,118170000,42481098,completed
98,rleeson26,rleeson26,662248,2022-02-16,27190000,42085670,rejected
99,rshovelton9e,sratledge2u,806498,2022-02-24,1004310000,42225432,rejected
100,sratledge2u,rleeson26,948652,2022-03-19,17790000,43066543,rejected
101,drossonbl,umothersdale6n,457352,2022-03-26,77870000,42085670,pending
102,mciccettifq,dcobden31,154982,2022-04-02,62740000,42085670,rejected
103,dcobden31,aedsall1o,662435,2022-04-21,67570000,42085670,rejected
104,rleeson26,drossonbl,986603,2022-05-05,15810000,42085670,completed
105,umothersdale6n,rleeson26,353033,2022-05-06,204810000,42481098,completed
106,drossonbl,rleeson26,499072,2022-05-07,32370000,42481098,rejected
107,rleeson26,umothersdale6n,595463,2022-06-18,264890000,42225432,rejected
108,rleeson26,drossonbl,639722,2022-07-16,14220000,42481098,completed
109,mciccettifq,mciccettifq,486418,2022-07-23,42960000,42225432,completed
110,umothersdale6n,drossonbl,588162,2022-08-03,736880000,42481098,pending
111,mciccettifq,mciccettifq,739370,2022-08-08,791330000,43066543,rejected
112,drossonbl,rleeson26,450010,2022-10-18,146890000,42225432,cancelled
113,rleeson26,sratledge2u,565145,2022-11-23,120060000,42085670,cancelled
114,rleeson26,rleeson26,473781,2022-12-26,18970000,42085670,completed
115,rleeson26,rleeson26,982508,2023-01-07,126080000,43066543,pending
116,drossonbl,drossonbl,973999,2023-02-11,254390000,42085670,in_escrow
117,rshovelton9e,rleeson26,717920,2023-02-14,15560000,43066543,in_escrow
118,mciccettifq,rleeson26,932347,2023-02-15,131380000,42481098,pending
119,umothersdale6n,drossonbl,335024,2023-03-22,75680000,42481098,rejected
120,rleeson26,rleeson26,517582,2023-04-05,34760000,43066543,completed
121,rleeson26,sratledge2u,273988,2023-05-14,162930000,42225432,rejected
122,mciccettifq,rleeson26,620574,2023-07-11,63860000,42085670,rejected
123,rshovelton9e,mciccettifq,517511,2023-07-21,72040000,43066543,cancelled
124,mciccettifq,rleeson26,906139,2023-08-23,54440000,42085670,rejected
125,umothersdale6n,drossonbl,474997,2023-10-07,489980000,43066543,pending
126,sratledge2u,mciccettifq,106915,2023-11-15,524730000,42225432,rejected
127,mciccettifq,rleeson26,554243,2023-11-17,33510000,43066543,completed
128,rshovelton9e,sratledge2u,697882,2023-12-07,31480000,42225432,rejected
129,mciccettifq,mciccettifq,671953,2023-12-09,110590000,42085670,cancelled
130,rleeson26,umothersdale6n,702887,2024-01-12,123490000,42481098,rejected
131,drossonbl,mciccettifq,948318,2024-01-25,54130000,43066543,pending
132,drossonbl,umothersdale6n,241096,2024-02-02,12030000,42225432,pending
133,rleeson26,mciccettifq,924264,2024-04-21,60640000,42225432,rejected
134,mciccettifq,sratledge2u,214320,2024-04-23,1620000,43066543,rejected
135,umothersdale6n,mciccettifq,551556,2024-04-28,112060000,42225432,completed
136,sratledge2u,umothersdale6n,732499,2024-05-26,91330000,43066543,completed
137,umothersdale6n,drossonbl,154907,2024-06-16,55510000,42481098,completed
138,drossonbl,umothersdale6n,117100,2024-07-12,75530000,43066543,rejected
139,dcobden31,drossonbl,555363,2024-08-06,11900000,42481098,rejected
140,rshovelton9e,sratledge2u,184265,2024-09-08,232560000,42085670,completed
141,drossonbl,rleeson26,730604,2024-09-25,153800000,43066543,pending
142,dcobden31,drossonbl,313146,2024-10-02,24310000,42481098,in_escrow
143,rshovelton9e,ztavnerc4,454129,2024-12-05,10030000,42225432,cancelled
144,rleeson26,rleeson26,486668,2024-12-08,63070000,43066543,in_escrow
145,rshovelton9e,rleeson26,635353,2024-12-24,99090000,42225432,completed
146,dcobden31,umothersdale6n,823173,2025-02-02,454050000,42085670,completed
147,rleeson26,umothersdale6n,378209,2025-02-05,128180000,42085670,completed
148,dcobden31,drossonbl,130552,2025-02-22,40430000,42481098,in_escrow
149,rleeson26,umothersdale6n,961166,2025-02-28,20140000,43066543,rejected
150,dcobden31,rleeson26,726628,2025-03-14,209110000,42481098,pending
151,umothersdale6n,umothersdale6n,506486,2025-03-22,103640000,42481098,rejected
152,rleeson26,dcobden31,924261,2025-04-09,69850000,42085670,completed
153,rleeson26,dcobden31,451168,2025-04-22,143870000,43066543,rejected
154,rleeson26,rleeson26,133715,2025-05-17,357430000,42085670,cancelled
155,sratledge2u,umothersdale6n,486387,2025-05-17,33360000,43066543,pending
156,umothersdale6n,rleeson26,148885,2025-05-27,147000000,42225432,completed
157,mciccettifq,drossonbl,384951,2025-06-07,93440000,43066543,pending
158,rleeson26,rleeson26,964820,2025-08-10,107700000,42085670,in_escrow
159,rleeson26,mciccettifq,790040,2025-08-21,441910000,42085670,rejected
160,rleeson26,aedsall1o,997928,2025-08-25,425500000,42481098,completed
161,rshovelton9e,ztavnerc4,381280,2025-09-05,109300000,42225432,rejected
162,drossonbl,ztavnerc4,736547,2025-10-09,502190000,42085670,cancelled
163,rshovelton9e,rleeson26,800917,2025-10-12,407690000,42481098,rejected
164,umothersdale6n,ztavnerc4,189233,2025-11-02,20450000,42085670,completed
165,rshovelton9e,rleeson26,132849,2025-11-21,17460000,42225432,completed
166,mciccettifq,rleeson26,640535,2025-11-26,45120000,43066543,rejected
